id	name	field	before	after
6396	Amunet	domain	hiddenness, air, the primordial void, the Ogdoad	hiddenness, air, primordial void, the Ogdoad
6401	Idyia	domain	knowledge, sight, the seeing one	knowledge, sight, seeing one
6397	Apesh	domain	strength, the underworld, terror, darkness	strength, underworld, terror, darkness
6399	Dies	domain	daylight, the day, the diurnal cycle	daylight, day, diurnal cycle
7345	Azazel	domain	in Leviticus 16, the wilderness-recipient of the Yom Kippur scapegoat; in 1 Enoch, chief of the Watchers - the fallen angels who taught humanity forbidden arts; the prototype of the corrupting fallen angel	in Leviticus 16, wilderness-recipient of the Yom Kippur scapegoat; in 1 Enoch, chief of the Watchers - the fallen angels who taught humanity forbidden arts; prototype of the corrupting fallen angel
7345	Azazel	object	in 1 Enoch, the metallurgical and military arts he teaches humans; in his judgment, the jagged rocks of Dudael under which he is bound	in 1 Enoch, metallurgical and military arts he teaches humans; in his judgment, jagged rocks of Dudael under which he is bound
7287	Mary	domain	motherhood of Jesus, Theotokos, virginity, intercession, the Magnificat, the most prominent woman in Christian devotion; in Islam, the only woman named in the Quran and one of its most honored figures	motherhood of Jesus, Theotokos, virginity, intercession, the Magnificat, most prominent woman in Christian devotion; in Islam, only woman named in the Quran and one of its most honored figures
7287	Mary	object	the cup of the Annunciation; the lily; the spindle; the rosary; blue mantle	cup of the Annunciation; lily; spindle; rosary; blue mantle
6786	Nerthus	object	the sacred covered cart in which her presence was processed among the tribes; the sacred grove on an island; the lake in which the cart and its attendants were washed	sacred covered cart in which her presence was processed among the tribes; sacred grove on an island; lake in which the cart and its attendants were washed
6878	Glenr	domain	the sun, Sol, the suitor or consort of Sol	sun, Sol, suitor or consort of Sol
7476	Nanahuatzin	domain	'The Pustular One' - the diseased, humble god who threw himself into the cosmic fire at Teotihuacan to become the fifth sun Tonatiuh; the central Aztec narrative of self-sacrificial humility-rewarded	'The Pustular One' - the diseased, humble god who threw himself into the cosmic fire at Teotihuacan to become the fifth sun Tonatiuh; central Aztec narrative of self-sacrificial humility-rewarded
6310	Arsinoe II Philadelphos	domain	queenship, divine femininity, Ptolemaic cult, the sea	queenship, divine femininity, Ptolemaic cult, sea
6309	Khnum	domain	creation, the Nile, pottery, the flood, birth	creation, Nile, pottery, flood, birth
6313	Hung Shing	domain	the sea, weather, fishing, southern China	sea, weather, fishing, southern China
7214	Bedawang Nala	domain	the cosmic turtle, the foundation of the world, the underworld, earthquakes	cosmic turtle, foundation of the world, underworld, earthquakes
6090	Hathor	object	sistrum; menat-necklace; the solar disk between cow-horns on her head; the mirror; the Seven Hathors	sistrum; menat-necklace; solar disk between cow-horns on her head; mirror; the Seven Hathors
6316	Khepri	domain	the rising sun, dawn, transformation, rebirth, creation	rising sun, dawn, transformation, rebirth, creation
6614	Elete	domain	prayer, the afternoon, supplication	prayer, afternoon, supplication
7219	Avalokiteshvara	domain	the bodhisattva of compassion; he who hears the cries of the world; one of the most important bodhisattvas of Mahayana Buddhism	bodhisattva of compassion; he who hears the cries of the world; one of the most important bodhisattvas of Mahayana Buddhism
7219	Avalokiteshvara	object	the lotus; the vase of nectar; the rosary; in the thousand-armed form, an implement in each hand	lotus; vase of nectar; rosary; in the thousand-armed form, an implement in each hand
6634	Zhurong	domain	fire, the south, punishment, craftsmanship, volcano	fire, south, punishment, craftsmanship, volcano
6100	Tiamat	domain	primordial saltwater, the sea, monstrous progeny, primordial motherhood, war, chaos	primordial saltwater, sea, monstrous progeny, primordial motherhood, war, chaos
6100	Tiamat	object	Tablets of Destiny; the eleven monsters	Tablets of Destiny; eleven monsters
6119	Ra	object	solar barque; the Aten; the ankh; the was-scepter	solar barque; the Aten; ankh; was-scepter
7441	Cerberus	domain	the three-headed dog of Hades; guards the gates of the underworld so that the dead cannot leave and the living cannot enter without divine permission	three-headed dog of Hades; guards the gates of the underworld so that the dead cannot leave and the living cannot enter without divine permission
7441	Cerberus	object	his three heads; the chain by which Heracles led him out of Hades	his three heads; chain by which Heracles led him out of Hades
7428	Erebus	domain	primordial darkness; the dark space between earth and Hades through which the dead pass; son of Chaos, mate of Nyx	primordial darkness; dark space between earth and Hades through which the dead pass; son of Chaos, mate of Nyx
7434	Nereus	domain	Old Man of the Sea; the pre-Olympian wise sea-god; shapeshifter; father of the fifty Nereids	Old Man of the Sea; pre-Olympian wise sea-god; shapeshifter; father of the fifty Nereids
7233	Nun	domain	primordial waters, chaos, the abyss, pre-creation	primordial waters, chaos, abyss, pre-creation
7229	Agdistis	domain	a primordial Phrygian daemon of dual sex, born of the seed of Zeus fallen on the earth/the rock Agdos; the wild, untameable being from whose castration the almond-tree ultimately springs	a primordial Phrygian daemon of dual sex, born of the seed of Zeus fallen on the earth/the rock Agdos; wild, untameable being from whose castration the almond-tree ultimately springs
7378	Radha	object	lotus; flute; the swing on which she sits with Krshna	lotus; flute; swing on which she sits with Krshna
6759	Shiva	object	trident, drum, bow, battle-axe, skull-staff, skull-bowl, garland of skulls, rudraksha beads, the crescent moon, the river Ganga in his hair, ash, tiger and elephant skin	trident, drum, bow, battle-axe, skull-staff, skull-bowl, garland of skulls, rudraksha beads, crescent moon, river Ganga in his hair, ash, tiger and elephant skin
6916	Opochtli	domain	fishing, hunting, water, the left-handed, tools and weapons	fishing, hunting, water, left-handed, tools and weapons
7506	Vairocana	domain	the cosmic Buddha; the 'Illuminator'; in many Mahayana and all Vajrayana systems the central or primordial Buddha, the embodiment of the Dharmakaya	cosmic Buddha; 'Illuminator'; in many Mahayana and all Vajrayana systems the central or primordial Buddha, embodiment of the Dharmakaya
7506	Vairocana	object	the Dharma-wheel; the sun-disc	the Dharma-wheel; sun-disc
6784	Tammuz	domain	shepherding, fertility, vegetation, the dying-and-returning consort, midsummer mourning rites	shepherding, fertility, vegetation, dying-and-returning consort, midsummer mourning rites
7519	Hunahpu	domain	one of the K'iche' Maya Hero Twins of the Popol Vuh; with his twin Xbalanque, the conqueror of the lords of the underworld; finally raised to become the sun	one of the K'iche' Maya Hero Twins of the Popol Vuh; with his twin Xbalanque, conqueror of the lords of the underworld; finally raised to become the sun
7519	Hunahpu	object	the blowgun; the ball-game gear	blowgun; ball-game gear
7427	Tartarus	domain	the deepest abyss of the cosmos, beneath Hades; the prison of the Titans after the Titanomachy; both a place and a primordial being	deepest abyss of the cosmos, beneath Hades; prison of the Titans after the Titanomachy; both a place and a primordial being
7427	Tartarus	object	the great bronze-walled prison enclosing the defeated Titans	great bronze-walled prison enclosing the defeated Titans
6236	Kvasir	domain	poetry, the mead of poetry, wisdom, inspiration, fermentation	poetry, mead of poetry, wisdom, inspiration, fermentation
6236	Kvasir	object	his blood; the vats Bodn, Son, and the cauldron Odrerir into which his blood is collected	his blood; vats Bodn, Son, and the cauldron Odrerir into which his blood is collected
7448	Neptune	domain	the sea, water, horses, earthquakes; identified with Poseidon; originally an Italic freshwater-and-spring deity before the Greek identification	sea, water, horses, earthquakes; identified with Poseidon; originally an Italic freshwater-and-spring deity before the Greek identification
7447	Vulcan	object	hammer; tongs; anvil; the forge under Mount Etna or beneath the Forum	hammer; tongs; anvil; forge under Mount Etna or beneath the Forum
6318	Iusaaset	domain	creation, the hand of Atum, sexuality, Heliopolis	creation, hand of Atum, sexuality, Heliopolis
7413	Jimmu	object	the imperial regalia inherited from Ninigi; his bow on which the kite-spirit perched at Tomi	imperial regalia inherited from Ninigi; his bow on which the kite-spirit perched at Tomi
6306	Hundun	domain	primordial chaos, the undifferentiated, creation	primordial chaos, undifferentiated, creation
6403	Kuimulang	domain	astronomy, the constellations, protection	astronomy, constellations, protection
6405	Yin Cha	domain	the underworld, arrest of souls, enforcement	underworld, arrest of souls, enforcement
6615	Tychon	domain	fertility, the phallus, rustic religion	fertility, phallus, rustic religion
6101	Valkyrie	object	spear, shield, helm, mail; the cup of mead they bear to the einherjar; the loom of war	spear, shield, helm, mail; cup of mead they bear to the einherjar; loom of war
7096	Njörðr	domain	the sea, wind, wealth, fishing, sailing, harbors	sea, wind, wealth, fishing, sailing, harbors
7163	Nāga	domain	serpents, the underworld, water, treasure, guardianship, fertility	serpents, underworld, water, treasure, guardianship, fertility
7505	Ksitigarbha	domain	the bodhisattva of the hell-beings and of vows; he who vowed not to attain Buddhahood until all the hells are emptied; protector of children and travellers	bodhisattva of the hell-beings and of vows; he who vowed not to attain Buddhahood until all the hells are emptied; protector of children and travellers
7505	Ksitigarbha	object	the six-ringed monk's staff that forces open the gates of hell; the wish-fulfilling jewel that lights the darkness	six-ringed monk's staff that forces open the gates of hell; wish-fulfilling jewel that lights the darkness
7518	Ix Chel	object	the weaving-implements; the overturned water-jar; the serpent often worn in her hair	weaving-implements; overturned water-jar; serpent often worn in her hair
6408	Petbe	domain	revenge, violence, the underworld, chaos	revenge, violence, underworld, chaos
6407	Ba-pef	domain	pain, mourning, the underworld, dread	pain, mourning, underworld, dread
6406	Onuris	domain	war, hunting, the sky, slaying	war, hunting, sky, slaying
7226	Barbelo	domain	in the Sethian Gnostic systems, the first emanation of the unknowable Monad; the supreme feminine principle, the 'first thought' of the Godhead, the womb and mother of the Pleroma	in the Sethian Gnostic systems, first emanation of the unknowable Monad; supreme feminine principle, 'first thought' of the Godhead, womb and mother of the Pleroma
7507	Bhaisajyaguru	domain	the Medicine Buddha; the 'Master of Healing'; the celestial Buddha who presides over the eastern pure land of Vaiduryanirbhasa and heals the sicknesses of body and mind	the Medicine Buddha; 'Master of Healing'; celestial Buddha who presides over the eastern pure land of Vaiduryanirbhasa and heals the sicknesses of body and mind
7507	Bhaisajyaguru	object	the myrobalan fruit held in the right hand; the bowl of healing nectar/medicine in the left; lapis lazuli, the colour of his body and his pure land	myrobalan fruit held in the right hand; bowl of healing nectar/medicine in the left; lapis lazuli, colour of his body and his pure land
7509	Mahakala	domain	the great wrathful protector of Vajrayana Buddhism; a fierce emanation embodying the protective, obstacle-removing power of compassion; the Buddhist transformation of the Hindu Shiva-Mahakala	great wrathful protector of Vajrayana Buddhism; a fierce emanation embodying the protective, obstacle-removing power of compassion; the Buddhist transformation of the Hindu Shiva-Mahakala
7509	Mahakala	object	the kartika and the kapala; the trident; a garland of severed heads or skulls	kartika and the kapala; trident; a garland of severed heads or skulls
6983	Diana Nemorensis	domain	the hunt, the sacred grove, kingship, ritual murder, Nemi	hunt, sacred grove, kingship, ritual murder, Nemi
7253	Mot	domain	death, sterility, the underworld, the parched earth, devouring	death, sterility, underworld, parched earth, devouring
7253	Mot	object	his vast jaw; the city Hmry of his realm; the throne of his sovereignty in the underworld	his vast jaw; city Hmry of his realm; throne of his sovereignty in the underworld
6621	Asteria	domain	stars, falling stars, the island of Delos, prophetic dreams	stars, falling stars, island of Delos, prophetic dreams
6627	Rem	domain	sleep, the night, fish, the underworld	sleep, night, fish, underworld
7524	Vucub-Came	object	the deadly trial-houses and ball-court of Xibalba	deadly trial-houses and ball-court of Xibalba
6736	Sophia	domain	in the Gnostic systems, 'Wisdom'; the youngest of the aeons of the Pleroma, whose unilateral act of creation produces, without her consort, the ignorant demiurge Yaldabaoth - setting in motion the flawed material cosmos and the drama of redemption	in the Gnostic systems, 'Wisdom'; youngest of the aeons of the Pleroma, whose unilateral act of creation produces, without her consort, ignorant demiurge Yaldabaoth - setting in motion the flawed material cosmos and the drama of redemption
6736	Sophia	object	the spark of divine light that, through her, comes to be trapped in the material world and in humanity	spark of divine light that, through her, comes to be trapped in the material world and in humanity
7425	Chaos	domain	the primordial Yawning-Void from which everything else came; the first of all things; not 'disorder' in the modern sense but 'gap' or 'chasm'	primordial Yawning-Void from which everything else came; first of all things; not 'disorder' in the modern sense but 'gap' or 'chasm'
7015	Rumina	domain	nursing, breastfeeding, the fig tree, nourishment of infants	nursing, breastfeeding, fig tree, nourishment of infants
7525	Camazotz	domain	the 'Death Bat' of the Popol Vuh; the monstrous bat of the House of Bats, one of the trial-houses of Xibalba	'Death Bat' of the Popol Vuh; monstrous bat of the House of Bats, one of the trial-houses of Xibalba
7339	Allah	domain	the One God of Islam, creator, most merciful, the source of revelation, the only deity; identified with the God of the Hebrew Bible and Christianity per Islamic theology	the One God of Islam, creator, most merciful, source of revelation, only deity; identified with the God of the Hebrew Bible and Christianity per Islamic theology
7343	Asmodeus	object	in Tobit, the heart and liver of the great fish; in Testament of Solomon, the bonds with which Solomon binds him	in Tobit, heart and liver of the great fish; in Testament of Solomon, bonds with which Solomon binds him
6410	Dione	domain	fertility, prophecy, the oracle at Dodona, the sky	fertility, prophecy, oracle at Dodona, sky
6254	Satan	object	serpent-form; the chains with which he is bound for a thousand years; the lake of fire	serpent-form; chains with which he is bound for a thousand years; lake of fire
7338	YHWH	object	throne; the Ark of the Covenant; the Tabernacle and the Jerusalem Temple; the divine glory / kavod; the pillar of cloud and fire; the bow in the clouds	throne; the Ark of the Covenant; the Tabernacle and the Jerusalem Temple; divine glory / kavod; pillar of cloud and fire; bow in the clouds
6697	Phoroneus	domain	kingship, civilization, fire, the first man, Argos	kingship, civilization, fire, first man, Argos
7041	Izanami-no-Mikoto	domain	creation, death, the underworld, the feminine principle, earth	creation, death, underworld, feminine principle, earth
7137	Centeōtl	domain	corn, maize, agriculture, sustenance, the young corn god	corn, maize, agriculture, sustenance, young corn god
6411	Inachus	domain	rivers, Argos, kingship, the first river	rivers, Argos, kingship, first river
7142	Centzonhuītznāhua	domain	stars, the south, the four hundred southern stars, Huitzilopochtli	stars, south, four hundred southern stars, Huitzilopochtli
6104	Eve	object	the rib from which she was formed; the forbidden fruit; the serpent; fig leaves and animal-skin garments	rib from which she was formed; forbidden fruit; serpent; fig leaves and animal-skin garments
6633	Old Man of the South Pole	domain	longevity, the stars, wisdom, the south, the Southern Cross	longevity, stars, wisdom, south, the Southern Cross
7527	Ixtab	object	the rope/noose from which she is described as hanging	rope/noose from which she is described as hanging
7256	Yaldabaoth	domain	the demiurge of the Gnostic systems; the ignorant, arrogant lower power - malformed offspring of Sophia - who fashions the flawed material cosmos and falsely proclaims himself the only god; also called Saklas and Samael	demiurge of the Gnostic systems; ignorant, arrogant lower power - malformed offspring of Sophia - who fashions the flawed material cosmos and falsely proclaims himself the only god; also called Saklas and Samael
7256	Yaldabaoth	object	the material cosmos and its seven heavens, which he fashions; the throne from which he proclaims his false sole-divinity; his archons	material cosmos and its seven heavens, which he fashions; throne from which he proclaims his false sole-divinity; his archons
6630	Brimo	domain	death, the underworld, Hecate, nighttime rites	death, underworld, Hecate, nighttime rites
7150	Cipactonal	domain	the calendar, divination, the day, creation, the first man, astrology	calendar, divination, day, creation, first man, astrology
7150	Cipactonal	object	the tonalpohualli, divination implements	tonalpohualli, divination implements
7129	Huītzilōpōchtli	domain	war, the sun, sacrifice, hummingbirds, the south, the Aztec state	war, sun, sacrifice, hummingbirds, south, the Aztec state
7251	Nanāhuātzin	domain	humility, sacrifice, disease, the sun, self-immolation, transformation	humility, sacrifice, disease, sun, self-immolation, transformation
7477	Tecuciztecatl	domain	'He of the Conch Shell' - the proud, wealthy god who hesitated at Teotihuacan and became the moon Metztli rather than the sun; the cautionary counterpart of Nanahuatzin	'He of the Conch Shell' - the proud, wealthy god who hesitated at Teotihuacan and became the moon Metztli rather than the sun; cautionary counterpart of Nanahuatzin
7477	Tecuciztecatl	object	the conch shell; the rabbit	conch shell; rabbit
7153	Xocotl	domain	fire, fruit, the fire ceremony, the harvest of fire	fire, fruit, fire ceremony, harvest of fire
6107	Tu'er Shen	domain	love between men, matchmaking, rabbits, the moon	love between men, matchmaking, rabbits, moon
7212	Acintya	domain	the supreme god of Balinese Hinduism; the 'Unimaginable' or 'Inconceivable'; the formless absolute from whom all the other gods emanate	supreme god of Balinese Hinduism; 'Unimaginable' or 'Inconceivable'; formless absolute from whom all the other gods emanate
7212	Acintya	object	the empty shrine - the padmasana shrine is left empty for him, since he is formless; the flames that surround him in the rare depictions	empty shrine - the padmasana shrine is left empty for him, since he is formless; flames that surround him in the rare depictions
7045	Chalchiuhtlatonal	domain	jade, water, divination, the calendar, precious green	jade, water, divination, calendar, precious green
7213	Barong	domain	the protective beast-spirit of Balinese myth and ritual drama; the benevolent 'king of the spirits', leader of the forces of order and protection, eternal opponent of the demon-queen Rangda	protective beast-spirit of Balinese myth and ritual drama; benevolent 'king of the spirits', leader of the forces of order and protection, eternal opponent of the demon-queen Rangda
7213	Barong	object	his great elaborately-decorated mask and costume, worn by two dancers; the bell on his form	his great elaborately-decorated mask and costume, worn by two dancers; bell on his form
7508	Samantabhadra	domain	the bodhisattva of practice, meditation, and the vow put into action; in the Avatamsaka Sutra the embodiment of the bodhisattva path itself; in Nyingma Vajrayana, Samantabhadra is also the primordial Buddha	bodhisattva of practice, meditation, and the vow put into action; in the Avatamsaka Sutra the embodiment of the bodhisattva path itself; in Nyingma Vajrayana, Samantabhadra is also the primordial Buddha
7508	Samantabhadra	object	the wish-fulfilling jewel; the lotus; in East Asia, the white elephant on which he rides	wish-fulfilling jewel; lotus; in East Asia, white elephant on which he rides
7510	Vaisravana	domain	the chief of the Four Heavenly Kings; guardian of the north; god of wealth; protector of the Dharma and of those who hear it	chief of the Four Heavenly Kings; guardian of the north; god of wealth; protector of the Dharma and of those who hear it
7510	Vaisravana	object	the parasol or banner of sovereignty; the mongoose that disgorges jewels; a stupa; often a spear	parasol or banner of sovereignty; mongoose that disgorges jewels; a stupa; often a spear
7220	Manjushri	domain	the bodhisattva of wisdom; the embodiment of the discriminating insight that cuts through ignorance	bodhisattva of wisdom; embodiment of the discriminating insight that cuts through ignorance
7220	Manjushri	object	the flaming sword of wisdom; the book - the Prajnaparamita sutra - resting on a lotus	flaming sword of wisdom; book - the Prajnaparamita sutra - resting on a lotus
7218	Mara	domain	the personification of death, temptation, and the delusive forces that bind beings to samsara; the great adversary of the Buddha's awakening	personification of death, temptation, and the delusive forces that bind beings to samsara; great adversary of the Buddha's awakening
7218	Mara	object	the army of demonic forms and the weapons hurled at the Buddha; the three daughters - Tanha, Arati, Raga	army of demonic forms and the weapons hurled at the Buddha; three daughters - Tanha, Arati, Raga
6729	Huehueteotl	domain	fire, the old god, volcanoes, the hearth, the center, age and wisdom	fire, old god, volcanoes, hearth, center, age and wisdom
7326	Arsay	domain	earth, the underworld - *arshy bt ybdr* "Arsay daughter of Yabidir/the Wide One"	earth, underworld - *arshy bt ybdr* "Arsay daughter of Yabidir/the Wide One"
6113	The Primordial Waters	domain	chaos, creation, the unconscious, potential	chaos, creation, unconscious, potential
6111	Ishtar	domain	war, love, sex, fertility, the morning and evening star, kingship, divine sovereignty, justice	war, love, sex, fertility, morning and evening star, kingship, divine sovereignty, justice
7346	Samael	domain	rabbinic angel of death and venom; the angel-rider of the serpent of Eden; in Kabbalah, the consort of Lilith and the demonic counterpart of YHWH; in some traditions identified with Satan	rabbinic angel of death and venom; angel-rider of the serpent of Eden; in Kabbalah, consort of Lilith and the demonic counterpart of YHWH; in some traditions identified with Satan
7346	Samael	object	serpent; the cup of poison	serpent; cup of poison
6756	Odin	domain	war, death, wisdom, prophecy, poetry, magic, kingship, the gallows, fate	war, death, wisdom, prophecy, poetry, magic, kingship, gallows, fate
7392	Narasimha	object	discus, conch, mace, lotus; the entrails of Hiranyakashipu	discus, conch, mace, lotus; entrails of Hiranyakashipu
7331	Baal-Hammon	domain	chief god of Carthage and the Punic west, kingship, the sun, the divine consort of Tanit; identified by Greeks and Romans with Cronos/Saturn	chief god of Carthage and the Punic west, kingship, sun, divine consort of Tanit; identified by Greeks and Romans with Cronos/Saturn
7331	Baal-Hammon	object	throne flanked by sphinxes; ram-horned crown; staff; the bronze image at Carthage with downward-tipping hands	throne flanked by sphinxes; ram-horned crown; staff; bronze image at Carthage with downward-tipping hands
7335	Danel	object	incense-burner; the threshing-floor where he holds court; Aqhat's great bow forged by Kothar-wa-Khasis	incense-burner; threshing-floor where he holds court; Aqhat's great bow forged by Kothar-wa-Khasis
7195	El	domain	creation, fatherhood, kingship of the divine council, ageless wisdom, decree-giving, the source of the Two Rivers, the mountain Lel	creation, fatherhood, kingship of the divine council, ageless wisdom, decree-giving, source of the Two Rivers, mountain Lel
7195	El	object	throne, divine staff, the seat of the divine council; his tent at the source of the Two Rivers	throne, divine staff, seat of the divine council; his tent at the source of the Two Rivers
7334	Kirta	object	his royal weapons; the dream-vision he receives from El; his bow	his royal weapons; dream-vision he receives from El; his bow
7414	Daikokuten	domain	wealth, harvest, the kitchen; one of the Seven Lucky Gods; syncretic - combines the Hindu-Buddhist Mahakala with the Shinto Okuninushi	wealth, harvest, kitchen; one of the Seven Lucky Gods; syncretic - combines the Hindu-Buddhist Mahakala with the Shinto Okuninushi
7184	Brigid	domain	poetry, healing, smithcraft, fire, spring, Imbolc, the hearth	poetry, healing, smithcraft, fire, spring, Imbolc, hearth
7487	Chang'e	domain	the goddess of the moon; wife of the archer Hou Yi; she who consumed the elixir of immortality and floated to the moon, where she dwells; the central figure of the Mid-Autumn Festival	goddess of the moon; wife of the archer Hou Yi; she who consumed the elixir of immortality and floated to the moon, where she dwells; central figure of the Mid-Autumn Festival
7487	Chang'e	object	the elixir of immortality; the moon-palace; the osmanthus tree and the jade rabbit that share the moon with her	elixir of immortality; moon-palace; osmanthus tree and the jade rabbit that share the moon with her
7498	Cao Guojiu	domain	one of the Eight Immortals; the most recently-added and the patron of actors and theater; traditionally a brother of a Song-dynasty empress, hence the title Guojiu	one of the Eight Immortals; most recently-added and the patron of actors and theater; traditionally a brother of a Song-dynasty empress, hence the title Guojiu
7498	Cao Guojiu	object	the jade court-tablet; or a pair of castanets/clappers	jade court-tablet; or a pair of castanets/clappers
6532	City God	domain	urban protection, civic order, the afterlife, local governance	urban protection, civic order, afterlife, local governance
6602	Dragon King	domain	rain, water, floods, the sea, weather	rain, water, floods, sea, weather
6649	Four Heavenly Kings	domain	protection, Buddhism, the four directions, martial power	protection, Buddhism, four directions, martial power
6671	Gonggong	domain	water, destruction, chaos, the flood, cosmological catastrophe	water, destruction, chaos, flood, cosmological catastrophe
7493	Guanyin	object	the willow-branch and the vase of pure water; the lotus; the prayer-beads; in her thousand-armed form, a different implement in each hand	willow-branch and the vase of pure water; lotus; prayer-beads; in her thousand-armed form, a different implement in each hand
6918	Heibai Wuchang	domain	death, the underworld, judgment, escort of souls	death, underworld, judgment, escort of souls
6418	Raet-Tawy	domain	the sun, femininity, Heliopolis, solar worship	sun, femininity, Heliopolis, solar worship
7438	Typhon	domain	monstrous storm-serpent; the last child of Gaia and Tartarus; the gravest threat ever faced by Zeus; father of many other monsters by Echidna	monstrous storm-serpent; last child of Gaia and Tartarus; gravest threat ever faced by Zeus; father of many other monsters by Echidna
7438	Typhon	object	his hundred serpent-heads, fire-belching mouths, the volcanoes	his hundred serpent-heads, fire-belching mouths, volcanoes
7499	Lan Caihe	domain	one of the Eight Immortals; the ambiguously-gendered, eccentric immortal; patron of florists and gardeners; the wandering minstrel of the group	one of the Eight Immortals; ambiguously-gendered, eccentric immortal; patron of florists and gardeners; wandering minstrel of the group
7499	Lan Caihe	object	the flower-basket; a pair of clappers or castanets; one foot bare and one shod	flower-basket; a pair of clappers or castanets; one foot bare and one shod
6515	Ma Yuan	domain	war, pacification, the southern frontier, Vietnam	war, pacification, southern frontier, Vietnam
7494	Lu Dongbin	domain	the de facto leader of the Eight Immortals; a Tang-dynasty scholar who attained immortality; patron of scholars, barbers, and the sick; a central figure of the Quanzhen Daoist tradition	de facto leader of the Eight Immortals; a Tang-dynasty scholar who attained immortality; patron of scholars, barbers, and the sick; a central figure of the Quanzhen Daoist tradition
7494	Lu Dongbin	object	the demon-slaying sword; the fly-whisk; the gourd	demon-slaying sword; fly-whisk; gourd
6624	Niulang	domain	love, separation, reunion, the stars, weaving, herding	love, separation, reunion, stars, weaving, herding
6426	The Hemsut	domain	fate, protection, ka-spirits, the soul, personal guardians	fate, protection, ka-spirits, soul, personal guardians
6650	Pangu	domain	creation, the cosmic egg, sacrifice, separation of heaven and earth	creation, cosmic egg, sacrifice, separation of heaven and earth
6423	Ying Ziying	domain	the fall of Qin, last ruler, surrender	fall of Qin, last ruler, surrender
7486	Yandi	object	associated with fire and the south; the agricultural implements of the Shennong-identification	associated with fire and the south; agricultural implements of the Shennong-identification
6122	Aether	domain	upper sky, light, the heavens	upper sky, light, heavens
6552	Zhenyuan Daxian	domain	immortality, Daoism, hospitality, the ginseng fruit	immortality, Daoism, hospitality, ginseng fruit
6637	Ziwei Emperor	domain	the north, stars, sovereignty, imperial authority, Daoism	north, stars, sovereignty, imperial authority, Daoism
7403	Ammit	domain	the soul-devourer; annihilator of the unjustified dead; standing at the scales in the Judgment-Hall of Osiris to eat the hearts that weigh heavier than Ma'at's feather; the second death	soul-devourer; annihilator of the unjustified dead; standing at the scales in the Judgment-Hall of Osiris to eat the hearts that weigh heavier than Ma'at's feather; second death
7471	Coyolxauhqui	domain	'She of the Golden Bells' - moon-goddess; sister of Huitzilopochtli and the 400 Centzon Huitznahua; the dismembered moon whose monolith was placed at the foot of the Templo Mayor	'She of the Golden Bells' - moon-goddess; sister of Huitzilopochtli and the 400 Centzon Huitznahua; dismembered moon whose monolith was placed at the foot of the Templo Mayor
7279	Hapi	domain	the Nile, flood, fertility, abundance, water, androgyny	Nile, flood, fertility, abundance, water, androgyny
6757	Horus	object	was-scepter; the double-crown of Upper and Lower Egypt; the Eye of Horus	was-scepter; double-crown of Upper and Lower Egypt; the Eye of Horus
6416	Maahes	domain	war, protection, the sun, devouring, punishment	war, protection, sun, devouring, punishment
6896	Mandulis	domain	the sun, Nubia, Kalabsha, Greco-Nubian religion	sun, Nubia, Kalabsha, Greco-Nubian religion
6325	Min	domain	fertility, sexuality, virility, the harvest, the desert, generation	fertility, sexuality, virility, harvest, desert, generation
6892	Montu	domain	war, the sun, strength, valor, Upper Egypt	war, sun, strength, valor, Upper Egypt
6240	Mut	domain	motherhood, the sky, protection, royalty, vultures	motherhood, sky, protection, royalty, vultures
6574	Nezha	domain	war, protection, the sea, childhood, rebellion, lotus rebirth	war, protection, sea, childhood, rebellion, lotus rebirth
7400	Nephthys	domain	mourning, the dead, protection of the deceased; the dark counterpart of Isis; sister-wife of Set; one of the four canopic-jar protectresses	mourning, dead, protection of the deceased; dark counterpart of Isis; sister-wife of Set; one of the four canopic-jar protectresses
7400	Nephthys	object	the throne-and-basket hieroglyph; ankh; sometimes a vessel for ritual mourning	throne-and-basket hieroglyph; ankh; sometimes a vessel for ritual mourning
6126	Nut	object	ankh; the sun and stars on her star-studded body	ankh; sun and stars on her star-studded body
6153	Re-Hor-achti	domain	the sun, the horizon, the rising and setting sun, kingship	sun, horizon, rising and setting sun, kingship
6509	Seshat	domain	writing, measurement, architecture, mathematics, records, the stars	writing, measurement, architecture, mathematics, records, stars
6576	Sopdet	domain	the star Sirius, the Nile flood, the new year, agriculture	star Sirius, Nile flood, new year, agriculture
6302	Sekhmet	domain	war, plague, healing, fire, the sun, destruction	war, plague, healing, fire, sun, destruction
6302	Sekhmet	object	solar disk and uraeus on her head; ankh; the arrows of plague	solar disk and uraeus on her head; ankh; arrows of plague
7460	Aesculapius	object	serpent-entwined staff; the temple-snakes	serpent-entwined staff; temple-snakes
6502	Two Ladies	domain	protection, Upper and Lower Egypt, royalty, duality, the pharaohs crown	protection, Upper and Lower Egypt, royalty, duality, pharaohs crown
6700	Wadjet	domain	protection, Lower Egypt, the cobra, the throne, royalty	protection, Lower Egypt, cobra, throne, royalty
6698	Sangarius	domain	rivers, Phrygia, nature, the flood	rivers, Phrygia, nature, flood
7458	Cupid	domain	love, desire; identified with Greek Eros; son of Venus; the central male figure of Apuleius's Cupid and Psyche; in late-classical and Roman iconography increasingly the chubby winged infant	love, desire; identified with Greek Eros; son of Venus; central male figure of Apuleius's Cupid and Psyche; in late-classical and Roman iconography increasingly the chubby winged infant
7432	Amphitrite	domain	the sea; queen of the sea as Poseidon's wife; one of the fifty Nereids	sea; queen of the sea as Poseidon's wife; one of the fifty Nereids
7432	Amphitrite	object	trident; the chariot of hippocamps; the crab-claw crown in some depictions	trident; chariot of hippocamps; crab-claw crown in some depictions
7228	Norea	domain	in the Sethian Gnostic texts, the daughter of Adam and Eve; a redeemed and redeeming figure who resists the archons and is delivered from them; a bearer of the Gnostic revelation	in the Sethian Gnostic texts, daughter of Adam and Eve; a redeemed and redeeming figure who resists the archons and is delivered from them; a bearer of the Gnostic revelation
7484	Xiwangmu	object	the peaches of immortality; the elixir of immortality; the sheng headdress	peaches of immortality; elixir of immortality; sheng headdress
6110	Eurynome	domain	universal rule, ocean, the primeval queen, joy, meadows	universal rule, ocean, primeval queen, joy, meadows
7426	Ouranos	domain	the primordial sky, the starry heaven; first cosmic ruler before being castrated by Cronus; mate of Gaia and father of Titans, Cyclopes, Hekatonkheires	primordial sky, starry heaven; first cosmic ruler before being castrated by Cronus; mate of Gaia and father of Titans, Cyclopes, Hekatonkheires
7480	Centeotl	object	maize-ears; the dried-maize-cob	maize-ears; dried-maize-cob
6885	Sarpedon I	domain	war, honor, Lycia, divine lineage, the afterlife	war, honor, Lycia, divine lineage, afterlife
7436	Tyche	domain	fortune, luck, chance - both good and bad; the personification of how things 'fall out'; daughter of Oceanus	fortune, luck, chance - both good and bad; personification of how things 'fall out'; daughter of Oceanus
7479	Itzpapalotl	object	obsidian-tipped wings; obsidian-claws; the great obsidian sacrificial knife	obsidian-tipped wings; obsidian-claws; great obsidian sacrificial knife
6732	Providentia	domain	foresight, planning, divine providence, the states future	foresight, planning, divine providence, states future
7159	Adityas	object	the solar disc in various aspects	solar disc in various aspects
6689	Cybele	domain	the Phrygian Great Mother; goddess of the mountains, of wild nature and its animals, of fortresses and of the fertility of the earth; the 'Mother of the Gods'	the Phrygian Great Mother; goddess of the mountains, of wild nature and its animals, of fortresses and of the fertility of the earth; 'Mother of the Gods'
6689	Cybele	object	the tympanum of her ecstatic rites; the mural crown; the chariot drawn by lions	tympanum of her ecstatic rites; mural crown; chariot drawn by lions
7514	Q'uq'umatz	object	the feathered-serpent form; the primordial sea over which the creators brood	feathered-serpent form; primordial sea over which the creators brood
6679	Goumang	domain	spring, wood, the east, agriculture, growth	spring, wood, east, agriculture, growth
6740	Tara	domain	the bodhisattva-goddess of compassion and swift help; 'the Saviouress'; especially central in Vajrayana/Tibetan Buddhism	bodhisattva-goddess of compassion and swift help; 'the Saviouress'; especially central in Vajrayana/Tibetan Buddhism
6740	Tara	object	the lotus; the gesture of giving and of refuge	lotus; gesture of giving and of refuge
7222	Vajrapani	domain	the bodhisattva of the Buddha's power and protective energy; the wielder of the vajra; one of the earliest and most important protective bodhisattvas	bodhisattva of the Buddha's power and protective energy; wielder of the vajra; one of the earliest and most important protective bodhisattvas
7222	Vajrapani	object	the vajra	vajra
6681	Set	domain	chaos, storms, the desert, foreigners, violence, disorder, strength	chaos, storms, desert, foreigners, violence, disorder, strength
6430	Li Tieguai	domain	medicine, healing, iron crutch, immortality, the poor	medicine, healing, iron crutch, immortality, poor
6435	Libertas	domain	freedom, liberty, the republic, the rights of citizens	freedom, liberty, republic, rights of citizens
6436	Hebe	domain	youth, rejuvenation, the prime of life, divine service	youth, rejuvenation, prime of life, divine service
6433	Gengen-Wer	domain	creation, the primordial goose, the cosmic egg, sound	creation, primordial goose, cosmic egg, sound
6694	Musica	domain	music, song, the musical arts	music, song, musical arts
7396	Ravana	object	his ten heads; the bow he tried to lift but could not; the Pushpaka vimana	his ten heads; bow he tried to lift but could not; the Pushpaka vimana
6438	Azure Dragon	domain	spring, the east, wood, benevolence, rain	spring, east, wood, benevolence, rain
6541	Daode Tianzun	domain	creation, the Dao, ethics, origin, the primordial	creation, the Dao, ethics, origin, primordial
7166	Ishtadevata	domain	personal deity, chosen form of god, individual worship, the beloved divine	personal deity, chosen form of god, individual worship, beloved divine
7395	Kurma	object	Mount Mandara; the cosmic ocean's churning-vessel	Mount Mandara; cosmic ocean's churning-vessel
7173	Rivers in Hinduism	domain	sacred rivers, purification, pilgrimage, the river goddesses	sacred rivers, purification, pilgrimage, river goddesses
7173	Rivers in Hinduism	object	the rivers themselves	rivers themselves
7380	Sita	object	lotus; fire; the plough-furrow; jewels she dropped from the air as Ravana carried her	lotus; fire; plough-furrow; jewels she dropped from the air as Ravana carried her
6440	Tian	object	the sky itself	sky itself
6442	Eye of Ra	domain	the sun, destruction, protection, cosmic wrath, divine agency	sun, destruction, protection, cosmic wrath, divine agency
7170	Surya Majapahit	domain	the sun, Majapahit empire, Javanese Hinduism, solar royalty, Southeast Asian Hindu art	sun, Majapahit empire, Javanese Hinduism, solar royalty, Southeast Asian Hindu art
7485	Huangdi	domain	the Yellow Emperor; the central culture-hero of Chinese civilization; first of the Five Emperors; legendary ancestor of the Han Chinese; patron of the Huang-Lao Daoist tradition	the Yellow Emperor; central culture-hero of Chinese civilization; first of the Five Emperors; legendary ancestor of the Han Chinese; patron of the Huang-Lao Daoist tradition
7485	Huangdi	object	the south-pointing chariot; the cauldrons he cast; the Xuanyuan sword	south-pointing chariot; cauldrons he cast; the Xuanyuan sword
6398	Perit	domain	seeds, germination, agriculture, the afterlife, vegetation	seeds, germination, agriculture, afterlife, vegetation
7307	Ninurta	domain	warrior god, agriculture, the plough, mountain-peaks, the storm-bird Anzu pursuit, royal warriorship	warrior god, agriculture, plough, mountain-peaks, storm-bird Anzu pursuit, royal warriorship
7139	Tlāhuizcalpantēcuhtli	domain	Venus as morning star, dawn, warfare, sacrifice, the east	Venus as morning star, dawn, warfare, sacrifice, east
7521	Hun Hunahpu	object	the ball-game gear; the calabash tree in which his severed head is hung	ball-game gear; calabash tree in which his severed head is hung
6447	Bi Gan	domain	loyalty, sacrifice, the heart, righteous governance	loyalty, sacrifice, heart, righteous governance
7135	Tōnatiuh	domain	the sun, the fifth sun, the current world age, movement, sacrifice	sun, fifth sun, current world age, movement, sacrifice
7135	Tōnatiuh	object	the solar disk, eagle headdress, sacrificial knife	solar disk, eagle headdress, sacrificial knife
7513	Kukulkan	object	the feathered-serpent form itself; the serpent-balustrades of the great pyramid at Chichen Itza, down which a serpent of light descends at the equinoxes	feathered-serpent form itself; serpent-balustrades of the great pyramid at Chichen Itza, down which a serpent of light descends at the equinoxes
6882	Erikepaios	domain	Orphic cosmogony, the firstborn, creation	Orphic cosmogony, firstborn, creation
7296	Anu	domain	sky, kingship of heaven, the supreme high god of the An-Anum lists, fate-determining authority, the constellations	sky, kingship of heaven, supreme high god of the An-Anum lists, fate-determining authority, constellations
7311	Asalluhi	object	incantation-formulae; the magical pure-water and tamarisk used in exorcism rites	incantation-formulae; magical pure-water and tamarisk used in exorcism rites
7299	Enki	domain	freshwater, wisdom, magic and incantation, craft, cunning, intercession for humanity, the seven me	freshwater, wisdom, magic and incantation, craft, cunning, intercession for humanity, seven me
7299	Enki	object	the seven me; the gushing waters; the boat of magur; standard freshwater-stream iconography from his shoulders	seven me; gushing waters; boat of magur; standard freshwater-stream iconography from his shoulders
6136	Inanna	domain	war, love, fertility, sky/heaven, kingship, divine sovereignty, the storehouse, transformation, the Venus star, the underworld passage	war, love, fertility, sky/heaven, kingship, divine sovereignty, storehouse, transformation, the Venus star, underworld passage
6136	Inanna	object	seven me, the shugurra-crown, lapis-lazuli necklace, the pala-garment, mascara, breastplate	seven me, shugurra-crown, lapis-lazuli necklace, pala-garment, mascara, breastplate
7322	Shahar	domain	dawn, the morning twilight - paired twin with Shalim	dawn, morning twilight - paired twin with Shalim
7383	Garuda	object	the amrta-pot; his mother's bondage-debt	amrta-pot; his mother's bondage-debt
6137	Aruru	domain	creation of humanity, motherhood, midwifery, the womb, kingship-conferring	creation of humanity, motherhood, midwifery, womb, kingship-conferring
6134	Marduk	domain	kingship of the gods, Babylon, justice, magic and incantation, the planet Jupiter, agriculture, creation and cosmogony	kingship of the gods, Babylon, justice, magic and incantation, planet Jupiter, agriculture, creation and cosmogony
6134	Marduk	object	bow and quiver, Tablets of Destiny, four winds, thunderbolt and lightning, the great net, the mushkhushshu-dragon as mount-companion	bow and quiver, Tablets of Destiny, four winds, thunderbolt and lightning, great net, mushkhushshu-dragon as mount-companion
7318	Enkidu	object	the bow he forges with Gilgamesh; the cedar-axe of the Cedar Forest expedition; the door of Humbaba's lair	bow he forges with Gilgamesh; cedar-axe of the Cedar Forest expedition; door of Humbaba's lair
6138	Wudao Jiangjun	domain	the underworld, road spirits, guidance of the dead	underworld, road spirits, guidance of the dead
6312	Sirius	domain	the dog star, drought, fever, summer heat	dog star, drought, fever, summer heat
7323	Shalim	domain	dusk, the evening twilight - paired twin with Shahar; the toponymic root of Jerusalem and a divine name in early Canaanite-Hebrew religion	dusk, evening twilight - paired twin with Shahar; toponymic root of Jerusalem and a divine name in early Canaanite-Hebrew religion
7301	Ninhursag	domain	mountain mother goddess, midwifery, wild fauna, womb-creator, the foothills; often equated with Ki, Mami, Aruru, Belet-ili, Nintur	mountain mother goddess, midwifery, wild fauna, womb-creator, foothills; often equated with Ki, Mami, Aruru, Belet-ili, Nintur
7301	Ninhursag	object	reed-marsh setting; agricultural produce; the sacred mound	reed-marsh setting; agricultural produce; sacred mound
7108	Fáfnir	object	the cursed treasure of Andvari, the ring Andvaranaut	cursed treasure of Andvari, ring Andvaranaut
7319	Utnapishtim	domain	flood-survival, immortality granted, the far-distant land of Dilmun-equivalent, witness of the antediluvian world	flood-survival, immortality granted, far-distant land of Dilmun-equivalent, witness of the antediluvian world
7319	Utnapishtim	object	the great cube-shaped boat; pitch and bitumen for caulking; the dove, swallow, and raven released from the boat; the plant of rejuvenation given to Gilgamesh; the horns and skirts of his sacrificial offerings	great cube-shaped boat; pitch and bitumen for caulking; dove, swallow, and raven released from the boat; plant of rejuvenation given to Gilgamesh; horns and skirts of his sacrificial offerings
7186	Manannán mac Lir	domain	the sea, the otherworld, weather, mists, trade, magic, the Isle of Man	sea, otherworld, weather, mists, trade, magic, the Isle of Man
7186	Manannán mac Lir	object	the crane-skin bag, the ship that sails itself, the cloak of mists	crane-skin bag, ship that sails itself, cloak of mists
7105	Annar	domain	earth, ancestry, night, the second husband	earth, ancestry, night, second husband
6879	Duau	domain	the morning, the dawn, the underworld hours, stellar navigation	morning, dawn, underworld hours, stellar navigation
7238	Hu	domain	creative speech, authority, the divine word, command	creative speech, authority, divine word, command
7110	Borr	domain	ancestry, the divine lineage, fatherhood	ancestry, divine lineage, fatherhood
7464	Penates	domain	guardian deities of the household pantry/storeroom; the di Penates extend to the state-cult; Aeneas brought the Trojan Penates to Italy	guardian deities of the household pantry/storeroom; di Penates extend to the state-cult; Aeneas brought the Trojan Penates to Italy
7464	Penates	object	the penus of the house; small statuettes in the lararium alongside the Lares	penus of the house; small statuettes in the lararium alongside the Lares
7093	Freyja	domain	love, beauty, fertility, war, death, gold, seidr, the slain	love, beauty, fertility, war, death, gold, seidr, slain
6643	Shezmu	domain	wine, oil, perfume, execution, the underworld	wine, oil, perfume, execution, underworld
6156	Quetzalcoatl	domain	wind, rebirth, creation of humanity, civilization, priesthood, the morning star, maize, light	wind, rebirth, creation of humanity, civilization, priesthood, morning star, maize, light
7255	Batara Kala	domain	time, destruction, the underworld, darkness, the devourer, Shiva	time, destruction, underworld, darkness, devourer, Shiva
6456	Budai	domain	contentment, abundance, happiness, the future Buddha	contentment, abundance, happiness, future Buddha
6317	Wadj-wer	domain	the sea, the ocean, greatness, the Mediterranean	sea, ocean, greatness, the Mediterranean
6778	Groa	object	her chants/galdrar; the whetstone-shard in Thor's head	her chants/galdrar; whetstone-shard in Thor's head
6745	Osiris	object	crook and flail; the Atef-crown; ankh; was-scepter; the djed-pillar	crook and flail; the Atef-crown; ankh; was-scepter; djed-pillar
7236	Jörmungandr	domain	the world ocean, cosmic boundaries, Ragnarok, poison, serpents	world ocean, cosmic boundaries, Ragnarok, poison, serpents
6324	Wufang Guidi	domain	the underworld, the five directions, judgment of the dead	underworld, five directions, judgment of the dead
6323	Shennong	domain	agriculture, medicine, herbal knowledge, the market, civilization	agriculture, medicine, herbal knowledge, market, civilization
7231	Men	object	the crescent moon, worn behind his shoulders like a pair of horns; the pine-cone; the rooster	crescent moon, worn behind his shoulders like a pair of horns; pine-cone; rooster
7101	Mímir	domain	wisdom, knowledge, memory, counsel, the severed head, wells	wisdom, knowledge, memory, counsel, severed head, wells
7394	Matsya	object	the Vedas; his fishing-horn; the boat	the Vedas; his fishing-horn; boat
6749	Norns	object	the well of Urdr; the threads of fate; the runes; clay/water with which they tend Yggdrasil	well of Urdr; threads of fate; runes; clay/water with which they tend Yggdrasil
7366	Ran	domain	the sea, the great net with which she catches the drowned, wife of Aegir, mother of the nine wave-maidens	sea, great net with which she catches the drowned, wife of Aegir, mother of the nine wave-maidens
7366	Ran	object	the great net; the gold she keeps at the sea-bottom	great net; gold she keeps at the sea-bottom
7363	Surt	object	the flaming sword; the fires of Muspelheim	flaming sword; fires of Muspelheim
7120	Troll	domain	the wilderness, mountains, darkness, stone, supernatural threats, chaos	wilderness, mountains, darkness, stone, supernatural threats, chaos
7360	Ymir	domain	primordial giant, the first being from the chaos-gap, the cosmos-body - from whose dismembered form the world is made	primordial giant, first being from the chaos-gap, cosmos-body - from whose dismembered form the world is made
6469	Nymphe	domain	bridal beauty, nuptials, the wedding	bridal beauty, nuptials, wedding
6326	Yam	domain	the sea, chaos, storms, the Near East, primordial waters	sea, chaos, storms, the Near East, primordial waters
7397	Hiranyakashipu	object	his mace; the throne he usurped	his mace; throne he usurped
7483	Laozi	domain	the semi-legendary founder of philosophical Daoism; reputed author of the Daodejing; deified as Taishang Laojun and as the Three-Pure-Ones figure Daode Tianzun	semi-legendary founder of philosophical Daoism; reputed author of the Daodejing; deified as Taishang Laojun and as the Three-Pure-Ones figure Daode Tianzun
7483	Laozi	object	the Daodejing; the green ox/water-buffalo on which he departed China	the Daodejing; green ox/water-buffalo on which he departed China
7491	Mazu	object	the red lantern; the prayer-tablet; the seafaring-charts; her temple-image carried in procession	red lantern; prayer-tablet; seafaring-charts; her temple-image carried in procession
6241	Khonsu	domain	the moon, time, healing, travel, youth	moon, time, healing, travel, youth
6241	Khonsu	object	moon-disk and crescent on his head; the crook and flail; sidelock of youth; sometimes the falcon-headed depiction	moon-disk and crescent on his head; crook and flail; sidelock of youth; sometimes the falcon-headed depiction
6547	Acca Larentia	domain	motherhood, foster care, wolves, the founding of Rome, the Lares	motherhood, foster care, wolves, founding of Rome, the Lares
6243	Hoori	domain	hunting, the sea palace, the tide jewels, the younger brother, the Hyuga cycle	hunting, sea palace, tide jewels, younger brother, the Hyuga cycle
6327	Meret	domain	music, singing, rejoicing, the harvest, festivals	music, singing, rejoicing, harvest, festivals
6961	Caca	domain	fire, the hearth, female virtue, Hercules, the Aventine	fire, hearth, female virtue, Hercules, the Aventine
6598	Angerona	domain	secrecy, silence, winter solstice, the relief of anxiety	secrecy, silence, winter solstice, relief of anxiety
7451	Bacchus	object	thyrsus; wine-cup; ivy and grape-vine wreath; the panther-pelt	thyrsus; wine-cup; ivy and grape-vine wreath; panther-pelt
6984	Decima	domain	fate, measurement, the middle portion, the lifespan, destiny	fate, measurement, middle portion, lifespan, destiny
6951	Di Penates	domain	the household, the pantry, family protection, the hearth, ancestors	household, pantry, family protection, hearth, ancestors
6116	Tubo	domain	earth, soil, mountains, the underworld, Tibetan Buddhism	earth, soil, mountains, underworld, Tibetan Buddhism
6752	Tuisto	domain	the earth-born primordial god of the continental Germanic peoples, named by Tacitus as the origin of the Germanic nation	earth-born primordial god of the continental Germanic peoples, named by Tacitus as the origin of the Germanic nation
7455	Faunus	object	shepherd's crook; the Lupercal cave; the wool-strips used in the Lupercalia	shepherd's crook; the Lupercal cave; wool-strips used in the Lupercalia
6856	Phra Kalachai Si	domain	Southeast Asian Hinduism, the deity of time, Kala, Thai Hindu worship	Southeast Asian Hinduism, deity of time, Kala, Thai Hindu worship
7461	Romulus	object	spear; the augural lituus	spear; augural lituus
7450	Saturn	domain	agriculture, time, sowing; ruler of the Golden Age; the central god of the December Saturnalia festival	agriculture, time, sowing; ruler of the Golden Age; central god of the December Saturnalia festival
6402	Trophonius	domain	oracles, the underworld, earth mysteries, healing through incubation	oracles, underworld, earth mysteries, healing through incubation
7058	Ame-no-ohabari	domain	swords, the killing of Kagutsuchi, fire-cutting, the heavenly blade	swords, killing of Kagutsuchi, fire-cutting, heavenly blade
7058	Ame-no-ohabari	object	the blade itself	blade itself
7056	Hoderi	domain	sea, fishing, the Hyuga cycle, jealousy, the elder brother	sea, fishing, the Hyuga cycle, jealousy, elder brother
6899	Japanese wolf	domain	wolves, mountain guardianship, the wild, protection against fire and disease	wolves, mountain guardianship, wild, protection against fire and disease
7113	Máni	domain	the moon, night travel, time-keeping, the lunar cycle	moon, night travel, time-keeping, lunar cycle
7113	Máni	object	his moon-chariot; the children Bil and Hjuki whom he takes up from the well	his moon-chariot; children Bil and Hjuki whom he takes up from the well
7268	Amun	object	double-plumed crown; ankh; was-scepter; the ram-headed sphinx; the goose	double-plumed crown; ankh; was-scepter; ram-headed sphinx; goose
6247	Proioxis	domain	battle charge, the onset of battle, forward rush	battle charge, onset of battle, forward rush
6152	Raphael	object	staff; the fish - heart, liver, gall; the bonds with which he ties Asmodeus in the Egyptian wilderness	staff; fish - heart, liver, gall; bonds with which he ties Asmodeus in the Egyptian wilderness
6148	Visvedevas	domain	all the gods collectively, the universal divine group, sacrifice	all the gods collectively, universal divine group, sacrifice
6451	Banebdjedet	domain	fertility, virility, rams, Mendes, the ba-soul	fertility, virility, rams, Mendes, ba-soul
6838	Nehalennia	object	the ship's prow or steering-oar; the basket of fruit; the dog at her side	ship's prow or steering-oar; basket of fruit; dog at her side
6970	Ninigi-no-Mikoto	domain	the heavenly descent, the founding of the earthly dynasty, rice, the Three Sacred Treasures	heavenly descent, founding of the earthly dynasty, rice, the Three Sacred Treasures
6626	Pakhet	domain	hunting, the night, lioness, protection, the desert	hunting, night, lioness, protection, desert
6978	Shikome	domain	the underworld, pursuit, ugliness, the hags of death	underworld, pursuit, ugliness, hags of death
7082	Sukunabikona	domain	medicine, brewing, hot springs, insects, the small god, nation-building	medicine, brewing, hot springs, insects, small god, nation-building
7072	Ugayafukiaezu	domain	the imperial lineage, the thatched roof, Jimmu, the connection between sea and land	imperial lineage, thatched roof, Jimmu, connection between sea and land
7006	Maia	domain	growth, spring, the earth, May, motherhood, warmth	growth, spring, earth, May, motherhood, warmth
7030	Tyche of Constantinople	domain	Constantinople, fortune, the city, divine protection, the Eastern Empire	Constantinople, fortune, city, divine protection, the Eastern Empire
7034	Veritas	domain	truth, sincerity, honesty, the naked truth	truth, sincerity, honesty, naked truth
7048	Konohanasakuya-hime	object	cherry blossoms, the summit of Mount Fuji	cherry blossoms, summit of Mount Fuji
6635	Meretseger	domain	the dead, snakes, the Valley of the Kings, silence, mercy	dead, snakes, the Valley of the Kings, silence, mercy
6636	Sah	domain	the stars, Orion, the afterlife, the sky	stars, Orion, afterlife, sky
7196	Baal	domain	storms, rain, thunder, fertility, kingship, battle, the cycle of life and death, Mount Saphon	storms, rain, thunder, fertility, kingship, battle, cycle of life and death, Mount Saphon
7353	Frigg	domain	queen of the Aesir, marriage, motherhood, foreknowledge, the household, the divine matron - wife of Odin and mother of Baldr	queen of the Aesir, marriage, motherhood, foreknowledge, household, divine matron - wife of Odin and mother of Baldr
7353	Frigg	object	her hall Fensalir; her spindle/distaff; the falcon-feather cloak	her hall Fensalir; her spindle/distaff; falcon-feather cloak
6159	Maori Xingguan	domain	astronomy, the constellations, warfare	astronomy, constellations, warfare
6985	Nona	domain	fate, spinning, the beginning of life, birth, destiny	fate, spinning, beginning of life, birth, destiny
6998	Lucina	domain	childbirth, light, bringing to light, the first breath	childbirth, light, bringing to light, first breath
7144	Tlaltecuhtli	domain	the earth, the earth monster, creation, the surface of the earth, devouring	earth, earth monster, creation, surface of the earth, devouring
6417	Babi	domain	virility, aggression, the underworld, baboons	virility, aggression, underworld, baboons
7145	Xipe-Totec	domain	spring, renewal, agriculture, flayed skin, goldsmiths, the east, regeneration	spring, renewal, agriculture, flayed skin, goldsmiths, east, regeneration
6420	Ino	domain	the sea, Dionysiac cult, nursing, transformation	sea, Dionysiac cult, nursing, transformation
7249	Xolotl	domain	lightning, Venus as evening star, deformity, twins, the underworld, dogs, monsters	lightning, Venus as evening star, deformity, twins, underworld, dogs, monsters
6654	Atum	domain	creation, the setting sun, completion, self-creation, the primordial mound	creation, setting sun, completion, self-creation, primordial mound
6425	Bata	domain	agriculture, cattle herding, the bull, the afterlife, twins	agriculture, cattle herding, bull, afterlife, twins
6526	Neper	domain	grain, agriculture, the harvest, nourishment, vegetation	grain, agriculture, harvest, nourishment, vegetation
6249	Sumiyoshi sanjin	domain	the sea, seafaring, poetry, protection of sailors, Osaka	sea, seafaring, poetry, protection of sailors, Osaka
6731	Iat	domain	milk, nourishment, the afterlife, sustenance	milk, nourishment, afterlife, sustenance
7217	Naga Basuki	domain	serpents, the underworld, water, protection, the cosmic serpent	serpents, underworld, water, protection, cosmic serpent
6443	Heryshaf	domain	fertility, the sun, creation, rams, Herakleopolis	fertility, sun, creation, rams, Herakleopolis
7526	Yum Kaax	domain	the Yucatec Maya god of the wild vegetation, the forest, and especially of maize as a crop and of agriculture; the youthful Maize God	the Yucatec Maya god of the wild vegetation, forest, and especially of maize as a crop and of agriculture; youthful Maize God
7526	Yum Kaax	object	the ear of maize; the foliage of the milpa; agricultural implements	ear of maize; foliage of the milpa; agricultural implements
7308	Adad	domain	storm, thunder, rain, lightning, divination, the destructive flood	storm, thunder, rain, lightning, divination, destructive flood
7208	Igigi	domain	The younger generation of gods. In Atrahasis, the labouring gods who rebel against Enlil before humans are created to take their place. In later Akkadian usage, often the gods of heaven.	younger generation of gods. In Atrahasis, labouring gods who rebel against Enlil before humans are created to take their place. In later Akkadian usage, often the gods of heaven.
7211	Shuqamuna and Shumaliya	domain	Kassite royal cult, divine protection of kings, the bird-cult, warrior protection, the divine couple of the Kassite dynasty	Kassite royal cult, divine protection of kings, bird-cult, warrior protection, divine couple of the Kassite dynasty
7114	Dagr	domain	day, light, the morning, dawn	day, light, morning, dawn
6760	Astarte	domain	love, war, royalty, the morning and evening star, kingship-conferring, fertility - closely paralleled with Mesopotamian Ishtar and Sumerian Inanna	love, war, royalty, morning and evening star, kingship-conferring, fertility - closely paralleled with Mesopotamian Ishtar and Sumerian Inanna
6760	Astarte	object	bow and quiver; horse and chariot; the eight-pointed star	bow and quiver; horse and chariot; eight-pointed star
6449	Tianhuang Emperor	domain	primordial kingship, the earliest age, cosmic rulership	primordial kingship, earliest age, cosmic rulership
6329	Sosipolis	domain	protection of children, the city, serpent cults, Elis	protection of children, city, serpent cults, Elis
6237	Dellingr	domain	dawn, the doorway of day, the threshold of light	dawn, doorway of day, threshold of light
6237	Dellingr	object	the door of day	door of day
7200	Shapash	domain	the sun, illumination, the divine messenger between heaven and the underworld, justice - `nrt ilm shpsh` 'the luminary of the gods, Shapash'	sun, illumination, divine messenger between heaven and the underworld, justice - `nrt ilm shpsh` 'the luminary of the gods, Shapash'
7191	Balor	domain	destruction, the evil eye, the Fomorians, giants, tyranny, darkness	destruction, evil eye, the Fomorians, giants, tyranny, darkness
6730	Cian	domain	the Tuatha De Danann, fatherhood, Lugh, the quest against Balor	the Tuatha De Danann, fatherhood, Lugh, quest against Balor
7183	Nuada	domain	kingship, war, justice, sovereignty, the silver hand	kingship, war, justice, sovereignty, silver hand
7180	The Dagda	domain	fertility, abundance, knowledge, magic, the cauldron, the club, the harp, fatherhood	fertility, abundance, knowledge, magic, cauldron, club, harp, fatherhood
7180	The Dagda	object	the cauldron of plenty, the club, the harp	cauldron of plenty, club, harp
6965	Cura	domain	anxiety, worry, care, the human condition	anxiety, worry, care, human condition
6872	King Di Xin of Shang	domain	tyranny, the fall of the Shang, debauchery, the Mandate of Heaven lost	tyranny, fall of the Shang, debauchery, the Mandate of Heaven lost
6955	Mors	domain	death, mortality, the end of life, inevitability	death, mortality, end of life, inevitability
7004	Molae	domain	grinding, milling, grain processing, the millstone	grinding, milling, grain processing, millstone
7010	Di nixi	domain	childbirth, labor, kneeling, the birthing position	childbirth, labor, kneeling, birthing position
6717	Magna Dea	domain	the great goddess, fertility, earth, motherhood, universal feminine divine	great goddess, fertility, earth, motherhood, universal feminine divine
6143	Phaenon	domain	the planet Saturn, brilliance	planet Saturn, brilliance
7022	Mother of the Lares	domain	the Lares, motherhood, the household spirits, crossroads	the Lares, motherhood, household spirits, crossroads
7039	Amaterasu	domain	the sun, sovereignty, the imperial line, heaven, rice, weaving	sun, sovereignty, imperial line, heaven, rice, weaving
7052	Amatsukami	domain	the heavenly kami, the high plain of heaven, celestial order	heavenly kami, high plain of heaven, celestial order
7239	Kamimusubi	domain	creation, divine production, musubi, the primordial feminine	creation, divine production, musubi, primordial feminine
6424	Nehebkau	domain	serpents, protection, magic, the afterlife, binding	serpents, protection, magic, afterlife, binding
6919	Mountain God	domain	mountains, hunting, the wild, mountain passes, mountain danger	mountains, hunting, wild, mountain passes, mountain danger
7085	Ukemochi	domain	food, agriculture, the production of food from the body, sacrifice	food, agriculture, production of food from the body, sacrifice
6927	Zuijin	domain	shrine guardians, the gate, protection, warriors, shrine entrance	shrine guardians, gate, protection, warriors, shrine entrance
6826	Orestes	domain	matricide, justice, purification, the transition from blood vengeance to law	matricide, justice, purification, transition from blood vengeance to law
6158	Phanes	domain	creation, light, the firstborn, the Orphic cosmogony	creation, light, firstborn, the Orphic cosmogony
6691	Cadmus	domain	civilization, writing, founding of cities, the alphabet	civilization, writing, founding of cities, alphabet
7161	Damayanti	domain	love, beauty, devotion, fidelity, the ideal wife, the Nala and Damayanti story	love, beauty, devotion, fidelity, ideal wife, the Nala and Damayanti story
7158	Ardhanarishvara	domain	androgyny, the union of Shiva and Parvati, divine gender unity, cosmic balance	androgyny, union of Shiva and Parvati, divine gender unity, cosmic balance
7304	Utu	domain	the sun, justice, oath, illumination of hidden truths, the rising-up over Mount Mashu, judge of the netherworld in his nightly transit, defender of travellers	sun, justice, oath, illumination of hidden truths, rising-up over Mount Mashu, judge of the netherworld in his nightly transit, defender of travellers
6678	Carmenta	domain	prophecy, childbirth, writing, invention, the future	prophecy, childbirth, writing, invention, future
6250	Yashimajinumi	domain	the eight islands, marriage, the dwelling of the earthly kami, creation	eight islands, marriage, dwelling of the earthly kami, creation
7416	Bishamonten	domain	war, warriors, dignity, the protection of Buddhist law; one of the Seven Lucky Gods; one of the Four Heavenly Kings of Buddhism; the Japanese form of the Buddhist Vaishravana / Kubera	war, warriors, dignity, protection of Buddhist law; one of the Seven Lucky Gods; one of the Four Heavenly Kings of Buddhism; the Japanese form of the Buddhist Vaishravana / Kubera
6991	Liberty	domain	freedom, political liberty, the pileus, modern symbolism	freedom, political liberty, pileus, modern symbolism
6950	Genius	domain	personal spirit, creativity, fertility, the individual soul, guiding force	personal spirit, creativity, fertility, individual soul, guiding force
7003	Murcia	domain	sloth, laziness, the myrtle, the Aventine	sloth, laziness, myrtle, the Aventine
6843	White Tiger	domain	the west, metal, autumn, war, death	west, metal, autumn, war, death
6248	Omoikane	domain	wisdom, thought, deliberation, the counsel of the gods	wisdom, thought, deliberation, counsel of the gods
7066	Ryūjin	domain	the sea, dragons, the underwater palace, tides, weather	sea, dragons, underwater palace, tides, weather
7077	Toshigami	domain	the New Year, harvest, ancestral spirits, the turning of the year, grain spirits	the New Year, harvest, ancestral spirits, turning of the year, grain spirits
6164	Baalat Gebal	domain	the sea, love, Byblos, the Near East	sea, love, Byblos, the Near East
6170	Memnon	domain	war, Ethiopia, the dawn, heroism	war, Ethiopia, dawn, heroism
7009	Nerio	domain	war, Mars, the war goddess, consort of Mars, valor	war, Mars, war goddess, consort of Mars, valor
7008	Mania	domain	madness, the underworld, ghosts, the spirits of the dead, frenzy	madness, underworld, ghosts, spirits of the dead, frenzy
7001	Nascio	domain	birth, newborns, the first cry, coming into being	birth, newborns, first cry, coming into being
7007	Mana Genita	domain	stillbirth, infant death, the afterlife of dead infants, mourning	stillbirth, infant death, afterlife of dead infants, mourning
6165	Azumi-no-isora	domain	the sea, seafaring, fishing, the Azumi clan, maritime clans	sea, seafaring, fishing, the Azumi clan, maritime clans
6172	Aurora	domain	the dawn, morning light, renewal, hope	dawn, morning light, renewal, hope
6094	Ceto	domain	sea monsters, the dangers of the deep, primordial sea	sea monsters, dangers of the deep, primordial sea
6600	Arke	domain	messages, betrayal, the rainbow, speed	messages, betrayal, rainbow, speed
6513	Crius	domain	constellations, the heavenly order, rams	constellations, heavenly order, rams
6512	Salus	domain	health, safety, welfare, the state, salvation	health, safety, welfare, state, salvation
6536	Medjed	domain	the underworld, the Book of the Dead, obscurity, strange beings	underworld, the Book of the Dead, obscurity, strange beings
6540	Nannacus	domain	the flood, kingship, lamentation	flood, kingship, lamentation
6178	Lampetia	domain	light, the sun, herding, brilliance	light, sun, herding, brilliance
6558	Moros	domain	doom, fate, death, the allotted end	doom, fate, death, allotted end
6590	Pyroeis	domain	the planet Mars, fire, war	planet Mars, fire, war
6644	Tellus	domain	earth, agriculture, fertility, motherhood, the land	earth, agriculture, fertility, motherhood, land
6673	Pasikrata	domain	death, the underworld, absolute power	death, underworld, absolute power
6705	Laverna	domain	thieves, deception, cunning, the underworld, secrecy	thieves, deception, cunning, underworld, secrecy
6704	Spes	domain	hope, expectation, the future, youth, new beginnings	hope, expectation, future, youth, new beginnings
6707	Iana	domain	doors, beginnings, passages, the feminine aspect of Janus	doors, beginnings, passages, feminine aspect of Janus
6701	Henet	domain	pelicans, motherhood, sacrifice, the underworld	pelicans, motherhood, sacrifice, underworld
6715	Pepromene	domain	destiny, the allotted fate	destiny, allotted fate
6181	Nyx	domain	night, darkness, the primordial void	night, darkness, primordial void
6720	Dedun	domain	incense, Nubia, the south, wealth, foreign trade	incense, Nubia, south, wealth, foreign trade
6722	Ethniu	domain	imprisonment, motherhood, Balor, the bridge between Fomorians and Tuatha De Danann	imprisonment, motherhood, Balor, bridge between Fomorians and Tuatha De Danann
6726	Electryone	domain	dawn, the awakening, the morning	dawn, awakening, morning
6735	Dactyls	domain	metalworking, magic, music, the forge	metalworking, magic, music, forge
6793	Enyalius	domain	war, battle fury, the spear	war, battle fury, spear
6182	Aegipan	domain	nature, the wild, divine panic	nature, wild, divine panic
6830	Kunitama	domain	the soul of the land, the spirit of the nation, the land itself as divine	soul of the land, spirit of the nation, land itself as divine
6854	Wenquxing	domain	literature, the stars, examinations, education	literature, stars, examinations, education
6875	Zheng Lun	domain	gate protection, the supernatural, nasal power	gate protection, supernatural, nasal power
6901	Weneg	domain	order, the afterlife, kingship, Heliopolis, separation	order, afterlife, kingship, Heliopolis, separation
6900	Bat	domain	the cosmos, the cow, the Milky Way, Upper Egypt	cosmos, cow, the Milky Way, Upper Egypt
6895	Irer	domain	protection, serpents, the underworld, guardianship	protection, serpents, underworld, guardianship
6184	Coeus	domain	intellect, the axis of heaven, inquiry	intellect, axis of heaven, inquiry
6928	Itztlacoliuhqui	domain	obsidian, frost, cold, justice, punishment, blindness, the curved obsidian knife	obsidian, frost, cold, justice, punishment, blindness, curved obsidian knife
6941	The Earth Mother	domain	earth, agriculture, childbirth, nourishment, the dead	earth, agriculture, childbirth, nourishment, dead
6966	Discordia	domain	strife, discord, conflict, the golden apple	strife, discord, conflict, golden apple
6969	Moriya-no-Kami(Moreya-no-Kami)	domain	Suwa, the conquered deity, the indigenous god, Moriya	Suwa, conquered deity, indigenous god, Moriya
6964	Dea Tacita	domain	silence, the dead, ghosts, curses, the mute goddess	silence, dead, ghosts, curses, mute goddess
6968	Isetsuhiko	domain	Ise, the sun lineage, Amaterasus lineage, the warrior prince	Ise, sun lineage, Amaterasus lineage, warrior prince
6971	Ōyamatsumi	domain	mountains, the wilderness, hunting, marriage, the mountain father	mountains, wilderness, hunting, marriage, mountain father
6974	Iwasaku and Nesaku	domain	rock-splitting, creation, stone, the generation of deities from Kagutsuchis body	rock-splitting, creation, stone, generation of deities from Kagutsuchis body
6977	Shinatsuhiko	domain	wind, gales, air, the male wind deity	wind, gales, air, male wind deity
6980	Ukanomitama-no-Kami	domain	grain, rice, food, harvest, the spirit of grain	grain, rice, food, harvest, spirit of grain
6994	Britannia	domain	Britain, the Roman province, conquest, the northern frontier	Britain, the Roman province, conquest, northern frontier
6996	Invidia	domain	envy, jealousy, malice, the evil eye	envy, jealousy, malice, evil eye
7021	Salacia	domain	the sea, salt, Neptune, waves, navigation	sea, salt, Neptune, waves, navigation
7014	Quiritis	domain	motherhood, Juno, protection of mothers, the citizens	motherhood, Juno, protection of mothers, citizens
6189	Pandia	domain	the full moon, all-brightness, dew	full moon, all-brightness, dew
7024	Sentinus deus	domain	consciousness, the first sense, newborn awareness	consciousness, first sense, newborn awareness
7027	Tutela	domain	guardianship, protection, the tutelary principle, divine care	guardianship, protection, tutelary principle, divine care
7028	Tutilina	domain	grain storage, harvest preservation, the granary	grain storage, harvest preservation, granary
7033	Venilia	domain	the sea, coastal waters, shallow water, coming to shore	sea, coastal waters, shallow water, coming to shore
6192	Kuni-no-Tokotachi	domain	the eternal land, the first standing, primordial earth, foundations	eternal land, first standing, primordial earth, foundations
7064	Tsukuyomi-no-Mikoto	domain	the moon, night, food taboo, the calendar, the tides	moon, night, food taboo, calendar, tides
7064	Tsukuyomi-no-Mikoto	object	the moon	moon
7078	Ubusunagami	domain	birthplace, the guardian kami of ones birth territory, ancestral land protection	birthplace, guardian kami of ones birth territory, ancestral land protection
7081	Takeminakata	domain	Suwa, wrestling, thunder, submission, the earthly kami	Suwa, wrestling, thunder, submission, earthly kami
7083	Ujigami	domain	clan deity, ancestral worship, community protection, the guardian of the clan	clan deity, ancestral worship, community protection, guardian of the clan
7134	Xiuhtecuhtli	domain	fire, time, the calendar, turquoise, the year, the hearth, rulership	fire, time, calendar, turquoise, year, hearth, rulership
7151	Cintēteo	domain	corn, maize deities, agriculture, the corn gods collectively	corn, maize deities, agriculture, corn gods collectively
7154	Zacatzontli	domain	grass, agriculture, minor vegetation, the grass lord	grass, agriculture, minor vegetation, grass lord
7148	Chalchiuhtotolin	domain	disease, plague, sorcery, the jade turkey, Tezcatlipoca	disease, plague, sorcery, jade turkey, Tezcatlipoca
7149	Citlalatonac	domain	stars, the Milky Way, the male creative principle, the star-skirt	stars, the Milky Way, male creative principle, star-skirt
6197	Uranus	domain	sky, creation, heavens, the starry vault	sky, creation, heavens, starry vault
7243	Mens	domain	the mind, thought, reason, mental health, intelligence	mind, thought, reason, mental health, intelligence
7303	Ningal	domain	reed marshes, the moon, motherhood; the Akkadian Nikkal	reed marshes, moon, motherhood; the Akkadian Nikkal
7298	Ninlil	domain	grain, destiny, queen of the gods, the womb-conduit of major gods	grain, destiny, queen of the gods, womb-conduit of major gods
6198	Calliste	domain	beauty, the sea, islands	beauty, sea, islands
7305	Ereshkigal	domain	the netherworld, death, the binding of the dead, sovereignty over the great below	netherworld, death, binding of the dead, sovereignty over the great below
7305	Ereshkigal	object	the lapis-lazuli measuring rod and line; the seven Anunna who sit in judgement before her	lapis-lazuli measuring rod and line; seven Anunna who sit in judgement before her
7410	Yamatohime-no-mikoto	domain	Ise Grand Shrine, the sacred mirror, Amaterasus priestess, the divine will	Ise Grand Shrine, sacred mirror, Amaterasus priestess, divine will
7410	Yamatohime-no-mikoto	object	the sacred mirror	sacred mirror
7352	Asherah (Israelite)	object	the asherah / asherah-pole - her wooden cultic emblem frequently planted beside altars and high places, condemned in Deuteronomistic polemic; the Judean pillar figurines; cakes and incense and libations offered to the "Queen of Heaven" by the women of Judah	asherah / asherah-pole - her wooden cultic emblem frequently planted beside altars and high places, condemned in Deuteronomistic polemic; the Judean pillar figurines; cakes and incense and libations offered to the "Queen of Heaven" by the women of Judah
6199	Asia	domain	geography, continents, the eastern lands	geography, continents, eastern lands
6200	Aura	domain	breeze, dawn air, the morning wind, virginity	breeze, dawn air, morning wind, virginity
6133	Michael	object	sword and scales; the dragon-slaying spear	sword and scales; dragon-slaying spear
7341	Holy Spirit	domain	third person of the Christian Trinity; the breath/wind of God; presence of God; sanctifier; gift-giver; comforter; the indwelling presence in believers	third person of the Christian Trinity; breath/wind of God; presence of God; sanctifier; gift-giver; comforter; indwelling presence in believers
6108	Adam	object	the dust/adamah from which he was formed; the breath of life; Eden's garden; the tree of knowledge of good and evil; the rib; fig leaves and animal-skin garments	dust/adamah from which he was formed; breath of life; Eden's garden; tree of knowledge of good and evil; rib; fig leaves and animal-skin garments
7504	Maitreya	domain	the future Buddha; the bodhisattva who will appear in the world to come, when the teaching of the present Buddha has been forgotten, to re-establish the Dharma	future Buddha; bodhisattva who will appear in the world to come, when the teaching of the present Buddha has been forgotten, to re-establish the Dharma
7504	Maitreya	object	the naga-flower or stupa in his crown; sometimes a water-vessel; in East Asia, conflated with the laughing 'Budai' figure	naga-flower or stupa in his crown; sometimes a water-vessel; in East Asia, conflated with the laughing 'Budai' figure
6245	Moses	object	the rod; the two tablets of the law; the Bronze Serpent; his veil; the priestly garments and tabernacle furnishings	rod; two tablets of the law; the Bronze Serpent; his veil; priestly garments and tabernacle furnishings
6202	Kōjin	domain	fire, the hearth, the kitchen, cooking, purification by fire	fire, hearth, kitchen, cooking, purification by fire
7313	Geshtinanna	domain	the vine, dream-interpretation, scribal arts of the netherworld, sisterly devotion, alternating netherworld-substitute	vine, dream-interpretation, scribal arts of the netherworld, sisterly devotion, alternating netherworld-substitute
7313	Geshtinanna	object	grape-vine; the wine-jar	grape-vine; wine-jar
7520	Xbalanque	object	the blowgun; the ball-game gear	blowgun; ball-game gear
7215	Dewi Sri	object	the rice-plant and the rice-stalk; the cili figures woven from palm-leaf in her honour	rice-plant and the rice-stalk; cili figures woven from palm-leaf in her honour
6255	Glaucus	domain	the sea, prophecy, transformation, fishing, herbs	sea, prophecy, transformation, fishing, herbs
7223	Yama	domain	the lord of death and judge of the dead in Buddhist cosmology; ruler of the hell-realms; the Buddhist development of the Vedic/Hindu Yama	lord of death and judge of the dead in Buddhist cosmology; ruler of the hell-realms; the Buddhist development of the Vedic/Hindu Yama
7223	Yama	object	the mirror of karma; the rod of judgement; the noose	mirror of karma; rod of judgement; noose
6260	Graeae	domain	the gray sea, old age, guardianship, hidden knowledge	gray sea, old age, guardianship, hidden knowledge
7401	Anubis	domain	embalming, mummification, the dead, the necropolis, the weighing of the heart, the opening of the mouth ceremony, the underworld jackals - 'lord of the sacred land', 'foremost of the westerners'; psychopomp	embalming, mummification, dead, necropolis, weighing of the heart, opening of the mouth ceremony, underworld jackals - 'lord of the sacred land', 'foremost of the westerners'; psychopomp
7401	Anubis	object	embalming-table; the flail; the was-scepter; the heart-balance; mummification tools	embalming-table; flail; was-scepter; heart-balance; mummification tools
7511	Hariti	domain	the protector-goddess of children, childbirth, and parents; a reformed child-devouring yakshini converted by the Buddha	protector-goddess of children, childbirth, and parents; a reformed child-devouring yakshini converted by the Buddha
7511	Hariti	object	a child held or surrounded by many children; the pomegranate	a child held or surrounded by many children; pomegranate
7523	Hun-Came	object	the deadly trial-houses of Xibalba; the ball-court of the underworld	deadly trial-houses of Xibalba; ball-court of the underworld
7503	Siddhartha Gautama	domain	the historical Buddha; Shakyamuni; the founder of Buddhism, who attained complete awakening and taught the path to the cessation of suffering	historical Buddha; Shakyamuni; founder of Buddhism, who attained complete awakening and taught the path to the cessation of suffering
7503	Siddhartha Gautama	object	the Bodhi tree under which he awakened; the begging-bowl; the Dharma-wheel he set turning at Sarnath	the Bodhi tree under which he awakened; begging-bowl; the Dharma-wheel he set turning at Sarnath
7512	Itzamna	domain	the supreme creator-god of the Yucatec Maya; god of the sky, of writing, learning, and the priestly arts; lord of day and night	supreme creator-god of the Yucatec Maya; god of the sky, of writing, learning, and the priestly arts; lord of day and night
7512	Itzamna	object	the codex and the writing-implements; the sky-band; sometimes the cosmic caiman/crocodile whose body is the earth	codex and the writing-implements; sky-band; sometimes the cosmic caiman/crocodile whose body is the earth
7259	Mannus	domain	the founder-figure of the Germanic peoples in Tacitus; son of the earth-born Tuisto; ancestor of the great Germanic groupings	founder-figure of the Germanic peoples in Tacitus; son of the earth-born Tuisto; ancestor of the great Germanic groupings
7515	Huracan	domain	the K'iche' Maya 'Heart of Sky'; the storm-, wind-, and fire-god; a creator-deity, a trinity-in-one who with Q'uq'umatz brings the world into being	the K'iche' Maya 'Heart of Sky'; storm-, wind-, and fire-god; a creator-deity, a trinity-in-one who with Q'uq'umatz brings the world into being
7515	Huracan	object	the lightning and the thunderbolt; the great flood he sends to destroy the wooden people	lightning and the thunderbolt; great flood he sends to destroy the wooden people
7369	Saga	object	the cup with which she shares drink with Odin	cup with which she shares drink with Odin
6781	Attis	domain	the youthful consort of the Phrygian Mother Cybele; a vegetation-figure whose self-castration, death, and the cult's mourning and renewal stood at the centre of the Phrygian and Roman Mother-cult	youthful consort of the Phrygian Mother Cybele; a vegetation-figure whose self-castration, death, and the cult's mourning and renewal stood at the centre of the Phrygian and Roman Mother-cult
6781	Attis	object	the Phrygian cap; the pine tree; the shepherd's pipes	the Phrygian cap; pine tree; shepherd's pipes
6477	Anytos	domain	vegetation, the underworld, Arcadian mysteries	vegetation, underworld, Arcadian mysteries
7289	Apsu	domain	primordial freshwater, the sweet-water abyss, the begetter of the first gods	primordial freshwater, sweet-water abyss, begetter of the first gods
7075	Bragi	domain	poetry, eloquence, wisdom, song, the skaldic art	poetry, eloquence, wisdom, song, skaldic art
7075	Bragi	object	his harp; his tongue; the mead of poetry	his harp; his tongue; mead of poetry
7516	Chaac	object	the lightning-axe with which he strikes the clouds to make rain and thunder; the water-gourds	lightning-axe with which he strikes the clouds to make rain and thunder; water-gourds
7102	Hermóðr	domain	bravery, the underworld journey, rescue attempts, divine messengers	bravery, underworld journey, rescue attempts, divine messengers
7230	Sabazios	object	the votive bronze hand of Sabazios, covered with cult-symbols; the serpent drawn through the initiate's bosom in his mysteries	votive bronze hand of Sabazios, covered with cult-symbols; serpent drawn through the initiate's bosom in his mysteries
6333	Bes	domain	protection, childbirth, music, dance, merriment, the household	protection, childbirth, music, dance, merriment, household
7517	Kinich Ahau	object	the sun-disc; the kin sign marking his body	sun-disc; kin sign marking his body
7411	Takemikazuchi	domain	thunder, swords, martial valor, the subjugation of the land; one of the central warrior-kami; kami of Kashima Jingu; emerged from the blood of Kagutsuchi on Izanagi's sword	thunder, swords, martial valor, subjugation of the land; one of the central warrior-kami; kami of Kashima Jingu; emerged from the blood of Kagutsuchi on Izanagi's sword
6332	Wutong Shen	domain	wealth, sensuality, plague, the supernatural, ambiguity	wealth, sensuality, plague, supernatural, ambiguity
7205	Anunnaki	domain	The collective of major Mesopotamian gods. In Sumerian usage often the gods of the upper world; in later Akkadian usage often the netherworld gods.	collective of major Mesopotamian gods. In Sumerian usage often the gods of the upper world; in later Akkadian usage often the netherworld gods.
7522	Vucub Caquix	domain	the 'Seven Macaw' of the Popol Vuh; a vain bird-monster who in the time before the true sun set himself up as a false sun and moon; brought down by the Hero Twins	'Seven Macaw' of the Popol Vuh; a vain bird-monster who in the time before the true sun set himself up as a false sun and moon; brought down by the Hero Twins
7522	Vucub Caquix	object	his glittering metal teeth and jewelled eyes - the source of his false radiance; the nance-fruit tree where the Twins ambush him	his glittering metal teeth and jewelled eyes - the source of his false radiance; nance-fruit tree where the Twins ambush him
6450	Yuanshi Tianzun	domain	creation, supreme Daoism, the primordial beginning	creation, supreme Daoism, primordial beginning
7306	Nergal	domain	war, plague, fire, the destructive aspect of the sun, kingship of the netherworld; also called Erra in his rampage-aspect	war, plague, fire, destructive aspect of the sun, kingship of the netherworld; also called Erra in his rampage-aspect
7292	Anshar	domain	the upper firmament/whole-sky; second-generation primordial; later identified with Ashshur in Assyrian recension	upper firmament/whole-sky; second-generation primordial; later identified with Ashshur in Assyrian recension
7321	Nikkal	domain	the moon, childbirth, fruit-bearing - Ugaritic *nkl*, cognate of Sumero-Akkadian Ningal	moon, childbirth, fruit-bearing - Ugaritic *nkl*, cognate of Sumero-Akkadian Ningal
7227	Abraxas	domain	a cosmic ruler-name of the Gnostic systems, especially associated with Basilides; the name whose Greek letters sum to 365, denoting the ruler of the 365 heavens; widely inscribed on protective gems	a cosmic ruler-name of the Gnostic systems, especially associated with Basilides; name whose Greek letters sum to 365, denoting the ruler of the 365 heavens; widely inscribed on protective gems
7227	Abraxas	object	the protective gem-amulets bearing his name and image; the shield and whip he carries in the gem-iconography	protective gem-amulets bearing his name and image; shield and whip he carries in the gem-iconography
7348	Shekhinah	domain	divine presence; the indwelling presence of God in the Tabernacle, the Temple, with Israel in exile, with the studious; in Kabbalah, the tenth Sefirah, the divine femininity, the "bride" of Tiferet seeking reunion	divine presence; indwelling presence of God in the Tabernacle, the Temple, with Israel in exile, with the studious; in Kabbalah, tenth Sefirah, divine femininity, "bride" of Tiferet seeking reunion
7348	Shekhinah	object	cloud of presence; the kavod of YHWH; in Kabbalah, the Sefirah of Malkhut; the moon	cloud of presence; kavod of YHWH; in Kabbalah, the Sefirah of Malkhut; moon
6262	Protesilaus	domain	war, sacrifice, the first death at Troy, the threshold	war, sacrifice, first death at Troy, threshold
6480	Chronos	domain	time, eternity, the ages	time, eternity, ages
6484	Rangda	domain	the demon-queen of Balinese myth and ritual drama; the terrible widow-witch, leader of the leyak; the embodiment of destructive, chaotic force, eternally opposed to Barong	demon-queen of Balinese myth and ritual drama; terrible widow-witch, leader of the leyak; embodiment of destructive, chaotic force, eternally opposed to Barong
6484	Rangda	object	her long claws and lolling fiery tongue; the white cloth she wields; her unbound wild hair	her long claws and lolling fiery tongue; white cloth she wields; her unbound wild hair
6345	Renpet	domain	the year, time, renewal, eternity, vegetation	year, time, renewal, eternity, vegetation
6346	Deus	domain	the supreme divine principle, the god, divine unity	supreme divine principle, god, divine unity
6353	Sobek	domain	water, crocodiles, military power, the Nile, the Fayum	water, crocodiles, military power, Nile, the Fayum
6354	Apedemek	domain	war, kingship, the lion, Nubia, Meroe	war, kingship, lion, Nubia, Meroe
6358	Syceus	domain	fig trees, agriculture, the primordial fig	fig trees, agriculture, primordial fig
6359	Kang Jinlong	domain	astronomy, protection, the constellations	astronomy, protection, constellations
6362	Nefertem	domain	the lotus, perfume, beauty, healing, the sun, sunrise	lotus, perfume, beauty, healing, sun, sunrise
6361	Xiyue Dadi	domain	the west, mountains, judgment, protection	west, mountains, judgment, protection
6364	Nebethetepet	domain	sexuality, creation, Heliopolis, the hand of Atum	sexuality, creation, Heliopolis, hand of Atum
6487	Kikurihime-no-Kami	domain	mediation, the boundary between life and death, Izanagi and Izanami, reconciliation	mediation, boundary between life and death, Izanagi and Izanami, reconciliation
6369	King Father of the East	domain	immortality, the east, yang energy, longevity	immortality, east, yang energy, longevity
6368	Telephus	domain	kingship, Mysia, the wound that only the wounder can heal	kingship, Mysia, wound that only the wounder can heal
6204	Thoth	domain	wisdom, writing, magic, the moon, measurement, judgment, knowledge	wisdom, writing, magic, moon, measurement, judgment, knowledge
6204	Thoth	object	reed-pen and palette; the moon-disk on his head; the ibis; the Eye of Horus	reed-pen and palette; moon-disk on his head; ibis; the Eye of Horus
6205	Xuanwu	domain	the north, water, martial arts, exorcism, turtles and snakes	north, water, martial arts, exorcism, turtles and snakes
6206	Hatmehit	domain	fish, fertility, the Nile, Mendes, the Delta	fish, fertility, Nile, Mendes, the Delta
6375	Telesphorus	domain	healing, convalescence, recovery, the divine child	healing, convalescence, recovery, divine child
6533	Marshal Tianpeng	domain	war, the heavenly army, the north, waters, command	war, heavenly army, north, waters, command
6562	Aeternitas	domain	eternity, permanence, the eternal nature of Rome, immortality	eternity, permanence, eternal nature of Rome, immortality
6564	Homados	domain	battle noise, tumult, the din of war	battle noise, tumult, din of war
6567	Orthanes	domain	fertility, the phallus, procreation	fertility, phallus, procreation
6495	Angelos	domain	underworld, the moon, Hecate	underworld, moon, Hecate
6496	Meilichios	domain	propitiation, appeasement, the gentle side of Zeus, honey	propitiation, appeasement, gentle side of Zeus, honey
6497	Cangdi	domain	water, the north, winter, the Azure Emperor, the Green Emperor	water, north, winter, the Azure Emperor, the Green Emperor
6378	Yanluo Wang	domain	the underworld, judgment of the dead, punishment, the ten courts	underworld, judgment of the dead, punishment, ten courts
6380	Akhty	domain	the sun, the horizon, ferrymen, the afterlife	sun, horizon, ferrymen, afterlife
6382	Am-heh	domain	the underworld, devouring, lakes of fire, punishment	underworld, devouring, lakes of fire, punishment
6384	Concordia	domain	harmony, agreement, peace between citizens, the state	harmony, agreement, peace between citizens, state
6518	Nemty	domain	ferrying, the river, protection, punishment, Upper Egypt	ferrying, river, protection, punishment, Upper Egypt
6569	Hyperion	domain	light, watchfulness, the sun above	light, watchfulness, sun above
6386	Gorgon	domain	terror, protection, death, the apotropaic	terror, protection, death, apotropaic
6263	Jesus	object	cross; crown of thorns; spear; sponge of vinegar; robe; five loaves and two fish; the chalice/grail	cross; crown of thorns; spear; sponge of vinegar; robe; five loaves and two fish; chalice/grail
6266	Huehuecoyotl	domain	trickery, dance, music, old age, storytelling, the old coyote	trickery, dance, music, old age, storytelling, old coyote
6267	Itztapaltotec	domain	obsidian, flint, Xipe Totec, sacrifice, the obsidian lord	obsidian, flint, Xipe Totec, sacrifice, obsidian lord
6271	Mictlanpachecatl	domain	the south wind, Huitzilopochtli, the southern direction	south wind, Huitzilopochtli, southern direction
6275	Hou Yi	domain	archery, the sun, heroism, drought, marital tragedy	archery, sun, heroism, drought, marital tragedy
6272	Europa	domain	sovereignty, abduction, the continent	sovereignty, abduction, continent
6277	Heimarmene	domain	fate, destiny, the allotted portion, cosmic determinism	fate, destiny, allotted portion, cosmic determinism
6279	Huang Feihu	domain	war, loyalty, the supernatural, Mount Tai	war, loyalty, supernatural, Mount Tai
6393	Kui Xing	domain	examinations, literature, scholarship, the stars	examinations, literature, scholarship, stars
6281	Wenchang Wang	domain	literature, examinations, scholarship, education, the stars	literature, examinations, scholarship, education, stars
6283	Hermanubis	domain	the afterlife, Greco-Egyptian syncretism, mummification, guidance	afterlife, Greco-Egyptian syncretism, mummification, guidance
6519	Werethekau	domain	magic, protection, power, the uraeus, royalty	magic, protection, power, uraeus, royalty
6208	Metatron	object	scroll; fiery throne; the seventy names; pen of fire	scroll; fiery throne; seventy names; pen of fire
6209	Heka	domain	magic, the spoken word, creative power, healing, medicine	magic, spoken word, creative power, healing, medicine
6284	Libitina	domain	funerals, death, burial, the transition from life to death	funerals, death, burial, transition from life to death
6212	Tritopatores	domain	ancestral spirits, wind spirits, fertility, the dead	ancestral spirits, wind spirits, fertility, dead
6211	Jinushigami	domain	local land spirits, territory, the guardian of specific places	local land spirits, territory, guardian of specific places
6213	Half-elf	domain	liminality, mixed heritage, the boundary between mortal and immortal, elves and humans	liminality, mixed heritage, boundary between mortal and immortal, elves and humans
6217	Geras	domain	old age, decay, the final stage of life	old age, decay, final stage of life
6215	Abraham	object	the altars he builds; the knife at the binding of Isaac; the tent at the oaks of Mamre; the cave of Machpelah	altars he builds; knife at the binding of Isaac; tent at the oaks of Mamre; cave of Machpelah
6220	Atalanta	domain	hunt, racing, virginity, the wild	hunt, racing, virginity, wild
6221	Iapetus	domain	mortality, the mortal lifespan, craftsmanship	mortality, mortal lifespan, craftsmanship
6225	Lelantos	domain	air, the unseen, invisibility, Titans	air, unseen, invisibility, Titans
6286	Enodia	domain	roads, crossroads, gateways, protection of travelers, the dead	roads, crossroads, gateways, protection of travelers, dead
6290	Anthelioi	domain	the sun, solar worship, twin deities, Sabine religion	sun, solar worship, twin deities, Sabine religion
6394	Taibai Jinxing	domain	diplomacy, the stars, Venus, heavenly bureaucracy	diplomacy, stars, Venus, heavenly bureaucracy
6228	Psyche	domain	the soul, love, beauty, transformation, immortality	soul, love, beauty, transformation, immortality
6229	Iphigenia	domain	sacrifice, purity, the transition from human to divine	sacrifice, purity, transition from human to divine
6230	Amphiaraus	domain	prophecy, war, the underworld, divine favor	prophecy, war, underworld, divine favor
6233	Dongyue Dadi	domain	death, the afterlife, mountains, judgment of the dead	death, afterlife, mountains, judgment of the dead
6234	Taizi Changqin	domain	filial piety, music, the guqin, the Zhou Dynasty	filial piety, music, guqin, the Zhou Dynasty
6293	Erinyes	domain	vengeance, blood guilt, torment, the underworld	vengeance, blood guilt, torment, underworld
6298	Serapis	domain	death, rebirth, the underworld, fertility, healing	death, rebirth, underworld, fertility, healing
6297	Hesperis	domain	evening, sunset, the west, twilight	evening, sunset, west, twilight
6570	Ophion	domain	primordial rule, the cosmic egg, creation	primordial rule, cosmic egg, creation
6086	Amu-Aa	domain	protection, hunting, the desert, border defense	protection, hunting, desert, border defense
6087	Shinkai	domain	divine beings, the kami collectively, sacred spirits, the concept of divinity	divine beings, kami collectively, sacred spirits, concept of divinity
6573	Di Jun	domain	music, the sun, agriculture, ancestor of the Shang	music, sun, agriculture, ancestor of the Shang
6597	Philomelus	domain	agriculture, ploughing, the plough, the constellation Bootes	agriculture, ploughing, plough, constellation Bootes
6308	White Emperor	domain	the west, metal, autumn, warfare, punishment	west, metal, autumn, warfare, punishment
6304	Hesperus	domain	the evening star, Venus at dusk, twilight	evening star, Venus at dusk, twilight
6460	Harsomtus	domain	divine union, the sun, the falcon, Edfu	divine union, sun, falcon, Edfu
6463	Potnia Theron	domain	wild animals, hunting, nature, the wilderness	wild animals, hunting, nature, wilderness
6464	Huitztlampaehecatl	domain	the north wind, Mictlantecuhtli, the northern direction, cold, death	north wind, Mictlantecuhtli, northern direction, cold, death
6466	Theia	domain	sight, light, precious metals, brilliance, the shining sky	sight, light, precious metals, brilliance, shining sky
6505	Melicertes	domain	the sea, harbors, protection of sailors, transformation	sea, harbors, protection of sailors, transformation
6503	Pax	domain	peace, prosperity, the absence of war, civilization	peace, prosperity, absence of war, civilization
6510	Mehen	domain	protection, the sun, serpents, the solar barque, coiling	protection, sun, serpents, solar barque, coiling
6511	Wepset	domain	fire, protection, the uraeus, the pharaoh, burning	fire, protection, uraeus, pharaoh, burning
6522	Mesembria	domain	noon, midday, the suns zenith	noon, midday, suns zenith
6520	Roma	domain	the city of Rome, empire, civilization, sovereignty	city of Rome, empire, civilization, sovereignty
6527	Wosret	domain	war, Thebes, protection, the pharaoh	war, Thebes, protection, pharaoh
6535	Meskhenet	domain	childbirth, destiny, fate, the birth-brick	childbirth, destiny, fate, birth-brick
6544	Satis	domain	the Nile cataract, water, hunting, war, Elephantine	Nile cataract, water, hunting, war, Elephantine
6549	Neaera	domain	the sun, herding, radiance	sun, herding, radiance
6545	Nebnerou	domain	protection, serpents, the underworld, danger	protection, serpents, underworld, danger
6546	Diana	domain	the hunt, the moon, virginity, wilderness, childbirth	hunt, moon, virginity, wilderness, childbirth
6555	Juno	domain	marriage, childbirth, women, queenship, the state	marriage, childbirth, women, queenship, state
6553	Anuket	domain	the Nile cataract, water, hunting, nourishment, Elephantine	Nile cataract, water, hunting, nourishment, Elephantine
6557	Di inferi	domain	the underworld, the dead, chthonic powers, the depths	underworld, dead, chthonic powers, depths
6554	Shai	domain	fate, destiny, fortune, the afterlife, judgment	fate, destiny, fortune, afterlife, judgment
6575	Zhong Kui	domain	exorcism, demon-slaying, the supernatural, examinations, justice	exorcism, demon-slaying, supernatural, examinations, justice
6579	Týr	domain	war, justice, law, oaths, courage, self-sacrifice, the sky	war, justice, law, oaths, courage, self-sacrifice, sky
6591	Anatole	domain	sunrise, the east, dawn	sunrise, east, dawn
6613	Dysis	domain	sunset, the west, evening	sunset, west, evening
6638	Caerus	domain	opportunity, the fleeting moment, luck, kairos	opportunity, fleeting moment, luck, kairos
6639	Ourea	domain	mountains, the earth, primordial landforms	mountains, earth, primordial landforms
6642	Mehet-Weret	domain	the primordial cow, the sky, the flood, creation, milk	primordial cow, sky, flood, creation, milk
6645	Anna Perenna	domain	the new year, renewal, spring, the march equinox, perpetual return	new year, renewal, spring, march equinox, perpetual return
6647	Hemera	domain	day, daylight, the sky by day	day, daylight, sky by day
6651	Mnevis	domain	the sun, cattle, fertility, Heliopolis, sacred bulls	sun, cattle, fertility, Heliopolis, sacred bulls
6653	Ops	domain	abundance, harvest, wealth, the earth, the Saturnalia	abundance, harvest, wealth, earth, the Saturnalia
6652	Sepa	domain	centipedes, protection, the underworld, venom	centipedes, protection, underworld, venom
6661	Luna	domain	the moon, night, cycles, light in darkness, femininity	moon, night, cycles, light in darkness, femininity
6659	Tatenen	domain	earth, creation, the primordial mound, Memphis, vegetation	earth, creation, primordial mound, Memphis, vegetation
6660	Shepsy	domain	protection, the afterlife, divine judgment, guidance	protection, afterlife, divine judgment, guidance
6655	Chloris	domain	spring, flowers, new growth, the color green	spring, flowers, new growth, color green
6668	Imentet	domain	the west, the dead, the afterlife, welcome, the sunset	west, dead, afterlife, welcome, sunset
6669	Tutu	domain	protection, demons, the underworld, apotropaic magic, sphinxes	protection, demons, underworld, apotropaic magic, sphinxes
6667	Aten	domain	the sun, monotheism, light, truth, the Amarna revolution	sun, monotheism, light, truth, the Amarna revolution
6674	Qianliyan	domain	clairvoyance, the supernatural, long-distance seeing, protection	clairvoyance, supernatural, long-distance seeing, protection
6676	Hededet	domain	scorpions, protection, magic, the underworld	scorpions, protection, magic, underworld
6672	Doris	domain	sea bounty, the mixing of fresh and salt water, fish	sea bounty, mixing of fresh and salt water, fish
6683	Atlas	domain	endurance, astronomy, the heavens, cartography	endurance, astronomy, heavens, cartography
6692	Iris	domain	rainbow, divine messages, communication between gods and mortals, the sea	rainbow, divine messages, communication between gods and mortals, sea
6709	Iabet	domain	the east, the dawn, the desert, the horizon	east, dawn, desert, horizon
6718	Arahitogami	domain	the emperor as living god, divine kingship, the imperial institution	emperor as living god, divine kingship, imperial institution
6713	Lir	domain	the sea, the deep ocean, fatherhood, maritime power	sea, deep ocean, fatherhood, maritime power
6713	Lir	object	the sea itself	sea itself
6721	Beasts of battle	domain	war, carrion, the battlefield aftermath, death in battle	war, carrion, battlefield aftermath, death in battle
6723	Arensnuphis	domain	Nubia, the hunt, the wind, Philae, Greco-Nubian syncretism	Nubia, hunt, wind, Philae, Greco-Nubian syncretism
6725	Arctus	domain	time, the stars, celestial order	time, stars, celestial order
6876	Igai	domain	mourning, the afterlife, grief, the netherworld	mourning, afterlife, grief, netherworld
6734	Pasiphaë	domain	magic, sorcery, oracles, the bestial	magic, sorcery, oracles, bestial
6741	Amano-Iwato	domain	the cave of heaven, darkness, divine withdrawal, the crisis of the sun	cave of heaven, darkness, divine withdrawal, crisis of the sun
6741	Amano-Iwato	object	the cave entrance, the boulder	cave entrance, boulder
6748	Diana of Ephesus	domain	fertility, nature, nourishment, the cosmos, beasts	fertility, nature, nourishment, cosmos, beasts
6746	Phaethusa	domain	the sun, herding, light, guardianship	sun, herding, light, guardianship
6754	Hecate	domain	magic, witchcraft, crossroads, ghosts, the moon, necromancy, entrance ways, child-rearing, victory in contests, herdsmen and fishermen	magic, witchcraft, crossroads, ghosts, moon, necromancy, entrance ways, child-rearing, victory in contests, herdsmen and fishermen
6762	Baubo	domain	fertility, obscenity, humor, the body, ritual laughter	fertility, obscenity, humor, body, ritual laughter
6761	Eumenides	domain	vengeance, blood guilt, justice, oaths, the underworld	vengeance, blood guilt, justice, oaths, underworld
6771	Iunit	domain	Armant, protection, local cult, the pillar	Armant, protection, local cult, pillar
6765	Maat	object	ostrich-feather; ankh; the balance-scales	ostrich-feather; ankh; balance-scales
6782	Dictynna	domain	hunt, fishing, nets, the wild	hunt, fishing, nets, wild
6775	Shakti	object	varies by manifestation - trident, sword, lotus, weapons of the goddess-forms; the yoni in tantric iconography	varies by manifestation - trident, sword, lotus, weapons of the goddess-forms; yoni in tantric iconography
6780	Rhea	domain	fertility, motherhood, generation, mountains, the flow of time	fertility, motherhood, generation, mountains, flow of time
6788	Acmon	domain	sky, the heavens, anvil	sky, heavens, anvil
6787	Aion	domain	eternity, cyclical time, the ages, the zodiac	eternity, cyclical time, ages, zodiac
6791	Anemoi	domain	winds, seasons, weather, the four directions	winds, seasons, weather, four directions
6822	Nepr	domain	ancestry, the divine lineage, Norse genealogy	ancestry, divine lineage, Norse genealogy
6825	Orpheus	domain	music, poetry, prophecy, mystery religion, the underworld	music, poetry, prophecy, mystery religion, underworld
6833	Hu Ye	domain	the sea, tigers, protection, Taiwan folk religion	sea, tigers, protection, Taiwan folk religion
6827	Pelops	domain	kingship, chariot racing, divine favor, the curse	kingship, chariot racing, divine favor, curse
6829	Khenti-kheti	domain	crocodiles, protection, Athribis, the 10th Lower Egyptian nome	crocodiles, protection, Athribis, 10th Lower Egyptian nome
6857	Yang Ren	domain	the supernatural, loyalty, the Investiture of the Gods, eyes of heaven	supernatural, loyalty, the Investiture of the Gods, eyes of heaven
6859	Siming	domain	fate, lifespan, the hearth, records of life and death	fate, lifespan, hearth, records of life and death
6864	Ri Ye Youshen	domain	day and night, patrol, protection, the cycle of time	day and night, patrol, protection, cycle of time
6874	Zhao Qi	domain	ghosts, the supernatural, haunting	ghosts, supernatural, haunting
6866	Yuqiang	domain	sea, wind, the north, the abyss	sea, wind, north, abyss
6893	Iah	domain	the moon, time, lunar cycles, night	moon, time, lunar cycles, night
6890	Ersa	domain	dew, the morning dew, freshness	dew, morning dew, freshness
6888	Hemen	domain	falconry, the sun, Upper Egypt, hunting	falconry, sun, Upper Egypt, hunting
6891	Phoebe	domain	radiance, prophecy, the moon, purity	radiance, prophecy, moon, purity
6894	Ihy	domain	music, joy, childhood, the sistrum, Hathor	music, joy, childhood, sistrum, Hathor
6905	Phosphorus	domain	the morning star, Venus at dawn, heralding the day	morning star, Venus at dawn, heralding the day
6902	Abaset	domain	fire, destruction, the netherworld, serpents	fire, destruction, netherworld, serpents
6898	Hesat	domain	milk, cattle, nourishment, the sacred cow	milk, cattle, nourishment, sacred cow
6910	Akkorokamui	domain	the sea, octopus, Ainu mythology, tentacles, the deep ocean	sea, octopus, Ainu mythology, tentacles, deep ocean
6911	Marebito	domain	visitors, strangers, the otherworld, seasonal visitation, fortune	visitors, strangers, otherworld, seasonal visitation, fortune
6913	Himegami	domain	feminine shrine deities, consorts of major kami, the divine feminine of shrines	feminine shrine deities, consorts of major kami, divine feminine of shrines
6925	Geb	domain	earth, fertility, vegetation, the underworld, kingship	earth, fertility, vegetation, underworld, kingship
6925	Geb	object	ankh; was-scepter; the earth itself	ankh; was-scepter; earth itself
6924	Heidi	domain	sky, the north, water, winter, darkness	sky, north, water, winter, darkness
6923	Planetae	domain	wandering, the planets, celestial movement	wandering, planets, celestial movement
6929	Painal	domain	speed, the messenger, Huitzilopochtlis lieutenant, warfare, running	speed, messenger, Huitzilopochtlis lieutenant, warfare, running
6934	Cihuatecayotl	domain	feminine divine power, the collective feminine divine, women deities	feminine divine power, collective feminine divine, women deities
6936	Household deity	domain	household protection, domestic religion, the family, ancestors, the hearth	household protection, domestic religion, family, ancestors, hearth
6948	Mater Matuta	domain	dawn, the morning, childbirth, harbors, the sea, maternal care	dawn, morning, childbirth, harbors, sea, maternal care
6952	Konohanachiru-hime	domain	falling blossoms, autumn, the scattering of flowers, death, transience	falling blossoms, autumn, scattering of flowers, death, transience
6962	Dea Dia	domain	agriculture, fertility, the fields, the brotherhood of the Arval Brethren	agriculture, fertility, fields, brotherhood of the Arval Brethren
6975	Susanoo-no-Mikoto	domain	storms, the sea, serpents, heroism, Izumo, wildness, poetry	storms, sea, serpents, heroism, Izumo, wildness, poetry
6976	Ōkuninushi	domain	the land, nation-building, medicine, magic, marriage, Izumo	land, nation-building, medicine, magic, marriage, Izumo
6999	Moneta	domain	money, coins, minting, warning, memory, the mint	money, coins, minting, warning, memory, mint
7023	Silvanae	domain	forests, woodland, the feminine aspect of Silvanus, nature	forests, woodland, feminine aspect of Silvanus, nature
7025	Fornax	domain	bread, ovens, baking, the transformation of grain to bread	bread, ovens, baking, transformation of grain to bread
7040	Izanagi-no-Mikoto	domain	creation, purification, the masculine principle, sky, the living	creation, purification, masculine principle, sky, living
7043	Ame-no-Uzume	domain	dawn, merriment, dance, revelry, the arts, fertility	dawn, merriment, dance, revelry, arts, fertility
7156	Tlacotzontli	domain	hair, tonsure, priestly dedication, sacrifice, the hair lord	hair, tonsure, priestly dedication, sacrifice, hair lord
7046	Hachiman	domain	war, archery, fishing, agriculture, divine protection, the imperial family	war, archery, fishing, agriculture, divine protection, imperial family
7053	Kotoamatsukami	domain	the primordial heavenly kami, the first five, cosmic beginnings	primordial heavenly kami, first five, cosmic beginnings
7049	Fūjin	domain	wind, storms, air, the sky	wind, storms, air, sky
7057	Ajisukitakahikone-no-Kami	domain	thunder, agriculture, the storm, Izumo	thunder, agriculture, storm, Izumo
7059	Amenohoakari	domain	the sun, ancestry, the Owari and Mononobe clans, heaven	sun, ancestry, the Owari and Mononobe clans, heaven
7068	Oshihomimi	domain	the heavenly ear, sovereignty, the first heir, Amaterasus son	heavenly ear, sovereignty, first heir, Amaterasus son
7067	Sarutahiko Ōkami	domain	crossroads, guidance, earthly kami, the phallus, travel, martial arts	crossroads, guidance, earthly kami, phallus, travel, martial arts
7079	Ta-no-Kami	domain	rice paddies, agriculture, harvest, fertility, the field kami	rice paddies, agriculture, harvest, fertility, field kami
7074	Takenouchi no Sukune	domain	loyalty, longevity, statecraft, the legendary minister, the imperial court	loyalty, longevity, statecraft, legendary minister, imperial court
7076	Toyouke-hime	domain	food, grain, clothing, sericulture, agriculture, industry, the outer shrine of Ise	food, grain, clothing, sericulture, agriculture, industry, outer shrine of Ise
7080	Tamayori-hime	domain	child-rearing, the sea, the imperial lineage, substitute motherhood	child-rearing, sea, imperial lineage, substitute motherhood
7086	Yamato Takeru	domain	heroism, warfare, sacrifice, the imperial family, tragic heroism	heroism, warfare, sacrifice, imperial family, tragic heroism
7086	Yamato Takeru	object	the sword Kusanagi, womens clothing	sword Kusanagi, womens clothing
7084	Takitsuhiko	domain	waterfalls, rain, water, the sound of falling water	waterfalls, rain, water, sound of falling water
7088	Watatsumi	domain	the sea, the ocean, the sea palace, tides, marine life	sea, ocean, sea palace, tides, marine life
7089	Umashiashikabihikoji	domain	the first reed-shoot, the primordial growth, creation, vitality	first reed-shoot, primordial growth, creation, vitality
7095	Heimdall	domain	watchfulness, the rainbow bridge, hearing, sight, the horn Gjallarhorn, Ragnarok	watchfulness, rainbow bridge, hearing, sight, horn Gjallarhorn, Ragnarok
7098	Víðarr	domain	silence, vengeance, the forest, strength, Ragnarok, survival	silence, vengeance, forest, strength, Ragnarok, survival
7124	Hafgufa	domain	the sea, enormous sea creatures, illusion, the abyss	sea, enormous sea creatures, illusion, abyss
7100	Höðr	domain	darkness, blindness, winter, the unwitting killer	darkness, blindness, winter, unwitting killer
7100	Höðr	object	the mistletoe-shaft Loki gave him	mistletoe-shaft Loki gave him
7106	Vili and Vé	domain	creation, the killing of Ymir, the shaping of the world, Odins brothers	creation, killing of Ymir, shaping of the world, Odins brothers
7106	Vili and Vé	object	the body of the slain Ymir	body of the slain Ymir
7109	Ægir	domain	the sea, brewing, feasts, waves, storms, hospitality	sea, brewing, feasts, waves, storms, hospitality
7109	Ægir	object	great cauldron; his hall on Hlesey; the brewing-vat	great cauldron; his hall on Hlesey; brewing-vat
7111	Nidhogg	domain	the underworld, corpses, the world tree, destruction	underworld, corpses, world tree, destruction
7115	Draugr	domain	the undead, graves, haunting, restless dead, burial mounds	undead, graves, haunting, restless dead, burial mounds
7112	Lóðurr	domain	creation, giving warmth and blood to humans, the divine trinity of creation	creation, giving warmth and blood to humans, divine trinity of creation
7118	Vörðr	domain	guardian spirits, protection, the watcher at the threshold, personal guardianship	guardian spirits, protection, watcher at the threshold, personal guardianship
7123	Landvættir	domain	the land, local spirits, national protection, Iceland, the four directions	land, local spirits, national protection, Iceland, four directions
7121	Lindworm	domain	serpents, poison, treasure, the wilderness, boundary markers	serpents, poison, treasure, wilderness, boundary markers
7126	Selkolla	domain	demonic women, hauntings, decapitation, the supernatural threat	demonic women, hauntings, decapitation, supernatural threat
7127	Germanic dragon	domain	treasure, fire-breathing, flying, the cosmic threat, hoarding	treasure, fire-breathing, flying, cosmic threat, hoarding
7131	Mictlāntēcutli	domain	death, the underworld, bones, the dead, the lowest level	death, underworld, bones, dead, lowest level
7130	Tláloc	domain	rain, water, agriculture, mountains, caves, lightning, fertility, the dead	rain, water, agriculture, mountains, caves, lightning, fertility, dead
7125	Lyngbakr	domain	the sea, enormous sea creatures, whales, the deep ocean	sea, enormous sea creatures, whales, deep ocean
7132	Tonacatecuhtli	domain	sustenance, creation, the lord of our flesh, fertility, the first couple	sustenance, creation, lord of our flesh, fertility, first couple
7138	Ehecatl	domain	wind, breath, the morning star, creation, Quetzalcoatl	wind, breath, morning star, creation, Quetzalcoatl
7141	Ixtlilton	domain	medicine, healing, disease, feasting, children, the black-faced one	medicine, healing, disease, feasting, children, black-faced one
7143	Centzonmīmixcōa	domain	stars, the north, the four hundred cloud serpents, hunting	stars, north, four hundred cloud serpents, hunting
7140	Tecciztecatl	domain	the moon, conch shells, pride, cowardice, the failed first attempt	moon, conch shells, pride, cowardice, failed first attempt
7146	Piltzintecuhtli	domain	the young sun, princes, children, hallucinogenic plants, the rising sun	young sun, princes, children, hallucinogenic plants, rising sun
7147	Tloquenahuaque	domain	omnipresence, the supreme being, the lord of the near and the nigh, the unknowable	omnipresence, supreme being, lord of the near and the nigh, unknowable
7162	Ayudhapurusha	object	the weapons themselves in personified form	weapons themselves in personified form
7171	Shmashana Adhipati	domain	cremation grounds, death, asceticism, Shiva, the lord of the burning ground	cremation grounds, death, asceticism, Shiva, lord of the burning ground
7179	Celtic deities	domain	the collective Celtic divine beings, the Tuatha De Danann, nature worship, the otherworld	collective Celtic divine beings, the Tuatha De Danann, nature worship, otherworld
7175	Vasu	domain	the eight Vasus, elements, natural forces, cosmic attendants	eight Vasus, elements, natural forces, cosmic attendants
7181	Danu	domain	motherhood, water, the Tuatha De Danann, the mother goddess, rivers, the earth	motherhood, water, the Tuatha De Danann, mother goddess, rivers, earth
7181	Danu	object	rivers, the earth	rivers, earth
7185	Cernunnos	domain	animals, forests, fertility, wealth, the underworld, stags, serpents	animals, forests, fertility, wealth, underworld, stags, serpents
7182	Lugh	domain	light, craftsmanship, war, kingship, many skills, the harvest, the sun	light, craftsmanship, war, kingship, many skills, harvest, sun
7187	Badb	domain	war, death, crows, the battlefield, prophecy, the Morrigan	war, death, crows, battlefield, prophecy, the Morrigan
7192	Ernmas	domain	motherhood, the Tuatha De Danann, the mother of the triple war goddesses	motherhood, the Tuatha De Danann, mother of the triple war goddesses
7203	Horon	domain	cursing, healing-from-snakebite, the underworld, exorcism, magical incantation	cursing, healing-from-snakebite, underworld, exorcism, magical incantation
7203	Horon	object	incantation-formulae; the snake	incantation-formulae; snake
7207	Ancestors of Enlil	domain	Enlil, ancestry, the divine lineage, Sumerian theology	Enlil, ancestry, divine lineage, Sumerian theology
7206	Apkallu	domain	wisdom, civilization, the antediluvian foundation of culture, fish-man-hybrid form, magical incantation	wisdom, civilization, antediluvian foundation of culture, fish-man-hybrid form, magical incantation
7210	Nibiru	domain	A celestial designation in Mesopotamian astronomy: the 'crossing-place', associated with Marduk in his astral aspect; the planet Jupiter in some contexts.	A celestial designation in Mesopotamian astronomy: the 'crossing-place', associated with Marduk in his astral aspect; planet Jupiter in some contexts.
7210	Nibiru	object	the planet Jupiter	planet Jupiter
7216	Leyak	domain	witchcraft, evil spirits, shapeshifting, black magic, the night	witchcraft, evil spirits, shapeshifting, black magic, night
7225	The Monad	domain	in the Gnostic systems, the supreme, utterly transcendent, unknowable Godhead; the One beyond being and name, from which the spiritual fullness ultimately proceeds	in the Gnostic systems, supreme, utterly transcendent, unknowable Godhead; the One beyond being and name, from which the spiritual fullness ultimately proceeds
7225	The Monad	object	the Pleroma of aeons that proceeds from it; the spring of living water	the Pleroma of aeons that proceeds from it; spring of living water
7224	Amitabha	domain	the Buddha of Infinite Light; the celestial Buddha presiding over Sukhavati, the Western Pure Land; the central figure of Pure Land Buddhism	the Buddha of Infinite Light; celestial Buddha presiding over Sukhavati, the Western Pure Land; central figure of Pure Land Buddhism
7224	Amitabha	object	the Western Pure Land of Sukhavati itself; the lotus-throne	the Western Pure Land of Sukhavati itself; lotus-throne
7232	Kek	domain	darkness, obscurity, the primordial night, chaos	darkness, obscurity, primordial night, chaos
7235	Koptos colossi	domain	fertility, Min, the ancient world, Coptos, colossal statues	fertility, Min, ancient world, Coptos, colossal statues
7241	Shinigami	domain	death, the underworld, soul collection, Japanese death deities	death, underworld, soul collection, Japanese death deities
7237	Rekhyt	domain	the people, the commoners, loyalty, worship, the lapwing	people, commoners, loyalty, worship, lapwing
7245	Ame-no-Minakanushi	domain	the center of heaven, the cosmos, the beginning, the supreme kami	center of heaven, cosmos, beginning, supreme kami
7242	Febris	domain	fever, disease, healing from fever, the swamp	fever, disease, healing from fever, swamp
7247	Marmennill	domain	the sea, merfolk, prophecy, storm warning, maritime encounters	sea, merfolk, prophecy, storm warning, maritime encounters
7250	Tepēyōllōtl	domain	mountains, caves, echoes, jaguars, earthquakes, the earth interior	mountains, caves, echoes, jaguars, earthquakes, earth interior
7248	Ōmeteōtl	domain	duality, creation, the supreme being, male-female unity, the origin of all	duality, creation, supreme being, male-female unity, origin of all
7257	Proserpina	domain	the underworld, spring, grain, death, renewal	underworld, spring, grain, death, renewal
7254	Yam	domain	the sea, chaos, storms, the Near East, primordial waters	sea, chaos, storms, the Near East, primordial waters
7258	Osiris myth	domain	death, resurrection, kingship, agriculture, the afterlife, judgment	death, resurrection, kingship, agriculture, afterlife, judgment
7265	Despoina	domain	mysteries, the underworld, nature, the Arcadian cult	mysteries, underworld, nature, the Arcadian cult
7276	Scylla	domain	sea, death, the strait, monstrosity	sea, death, strait, monstrosity
7280	Yue Lao	domain	love, marriage, matchmaking, the moon, destiny	love, marriage, matchmaking, moon, destiny
7282	Siren	domain	death, enchantment, the sea, music, temptation	death, enchantment, sea, music, temptation
7288	Janus	domain	beginnings, transitions, gates and doorways, time, war and peace, first invocation in prayer, the new year	beginnings, transitions, gates and doorways, time, war and peace, first invocation in prayer, new year
7293	Kishar	domain	the lower firmament/whole-earth; second-generation primordial	lower firmament/whole-earth; second-generation primordial
7302	Nanna	domain	the moon, time-reckoning, dreams, divination via lunar omens, kingship of Ur, the lunar cycle	moon, time-reckoning, dreams, divination via lunar omens, kingship of Ur, lunar cycle
7297	Enlil	domain	wind, storm, the executive sovereignty of the gods, the calendar, kingship-conferral, the Tablet of Destinies	wind, storm, executive sovereignty of the gods, calendar, kingship-conferral, the Tablet of Destinies
7312	Dumuzi	domain	shepherding, fertility, the dying-and-returning consort of Inanna, the spring-summer vegetation cycle, mourning rites	shepherding, fertility, dying-and-returning consort of Inanna, spring-summer vegetation cycle, mourning rites
7310	Nabu	domain	writing, scribes, wisdom, the destinies, the heir of Marduk, patronage of Borsippa	writing, scribes, wisdom, destinies, heir of Marduk, patronage of Borsippa
7310	Nabu	object	stylus, the wedge-shaped writing reed, the Tablet of Destinies	stylus, wedge-shaped writing reed, the Tablet of Destinies
7317	Gilgamesh	domain	kingship of Uruk, heroic exploit, the quest for immortality, builder of the walls of Uruk; later, judge of the netherworld	kingship of Uruk, heroic exploit, quest for immortality, builder of the walls of Uruk; later, judge of the netherworld
7314	Gula	domain	healing, medicine, the sick-bed, dogs, the city of Isin, boundary-stone protection	healing, medicine, sick-bed, dogs, city of Isin, boundary-stone protection
7314	Gula	object	staff, the dog-emblem, scalpel	staff, dog-emblem, scalpel
7316	Pazuzu	domain	king of the wind-demons; apotropaic against Lamashtu; the southwest wind; counter-demonic protection	king of the wind-demons; apotropaic against Lamashtu; southwest wind; counter-demonic protection
7316	Pazuzu	object	amulets, his bronze figurine-form, the chains he might bind Lamashtu with	amulets, his bronze figurine-form, chains he might bind Lamashtu with
7327	Lotan	domain	the seven-headed cosmic serpent of the primordial sea - Ugaritic *ltn*; cognate with biblical Leviathan	seven-headed cosmic serpent of the primordial sea - Ugaritic *ltn*; cognate with biblical Leviathan
7320	Yarikh	domain	the moon, the lunar cycle, illumination, light-giving - Ugaritic *yrkh*	moon, lunar cycle, illumination, light-giving - Ugaritic *yrkh*
7329	Melqart	domain	kingship of Tyre, royal patronage, the sea, navigation, colonization, dying-and-rising - the name *mlk-qrt* means "King of the City"	kingship of Tyre, royal patronage, sea, navigation, colonization, dying-and-rising - the name *mlk-qrt* means "King of the City"
7329	Melqart	object	lion-skin and club; the ceremonial pyre at his egersis	lion-skin and club; ceremonial pyre at his egersis
7330	Tanit	domain	mother-goddess of Carthage, fertility, the moon, war, the heavens - her epithet *pnh bl* "Face of Baal"	mother-goddess of Carthage, fertility, moon, war, heavens - her epithet *pnh bl* "Face of Baal"
7340	God-the-Father	object	throne; the seven seals; the Lamb beside the throne; the Holy Spirit proceeding from him or from him through the Son	throne; seven seals; the Lamb beside the throne; the Holy Spirit proceeding from him or from him through the Son
7336	Aqhat	object	the magnificent bow forged for him by Kothar-wa-Khasis	magnificent bow forged for him by Kothar-wa-Khasis
7342	Iblis	object	whisperings - his characteristic mode of action upon humans; the throne / seat upon which he attempts to be exalted	whisperings - his characteristic mode of action upon humans; throne / seat upon which he attempts to be exalted
7344	Beelzebub	object	in Testament of Solomon, the seal-ring with which Solomon binds him	in Testament of Solomon, seal-ring with which Solomon binds him
7359	Fenrir	domain	the great wolf, eschatological devourer of Odin, son of Loki, bound monster of Lyngvi on Lake Amsvartnir	great wolf, eschatological devourer of Odin, son of Loki, bound monster of Lyngvi on Lake Amsvartnir
7359	Fenrir	object	the chain Gleipnir; the sword propped in his jaws to keep them open while bound	chain Gleipnir; sword propped in his jaws to keep them open while bound
7349	Sandalphon	object	crowns; the throne-chariot	crowns; throne-chariot
7357	Sigyn	domain	wifely devotion, suffering, the bowl-bearer over Loki's bound face	wifely devotion, suffering, bowl-bearer over Loki's bound face
7357	Sigyn	object	the bowl with which she catches the venom dripping over Loki's face	bowl with which she catches the venom dripping over Loki's face
7356	Skadi	domain	winter, hunting, skiing, the snow-covered mountains, vengeance - Jotunn-goddess	winter, hunting, skiing, snow-covered mountains, vengeance - Jotunn-goddess
7356	Skadi	object	bow and skis; the venomous serpent she binds over Loki's face during his binding	bow and skis; venomous serpent she binds over Loki's face during his binding
7355	Idun	domain	youth, vitality, the apples of immortality, springtime renewal - keeper of the apples that the gods eat to remain young	youth, vitality, apples of immortality, springtime renewal - keeper of the apples that the gods eat to remain young
7355	Idun	object	the eski-box in which she keeps her apples; the apples of immortality	eski-box in which she keeps her apples; apples of immortality
7364	Sól	domain	the sun, daily celestial transit, light - driver of the sun-chariot pursued by the wolf Skoll	sun, daily celestial transit, light - driver of the sun-chariot pursued by the wolf Skoll
7364	Sól	object	her sun-chariot; the shield Svalinn that protects her from the sun's heat	her sun-chariot; shield Svalinn that protects her from the sun's heat
7372	Lakshmi	object	lotus; golden pots overflowing with gold; the cosmic elephants Ashtadiggaja bathing her	lotus; golden pots overflowing with gold; cosmic elephants Ashtadiggaja bathing her
7368	Andvari	object	his treasure-hoard; the ring Andvaranautr; the curse he places on the gold	his treasure-hoard; ring Andvaranautr; curse he places on the gold
7367	Gefjun	domain	agricultural plowing, virgin maidenhood, the receipt-of-the-unmarried-dead, the goddess who plowed Zealand free from Sweden	agricultural plowing, virgin maidenhood, receipt-of-the-unmarried-dead, goddess who plowed Zealand free from Sweden
7367	Gefjun	object	the plow; her four sons-as-oxen	plow; her four sons-as-oxen
7381	Lakshmana	object	bow and arrows; the rekha	bow and arrows; rekha
7393	Varaha	object	the rescued earth on his tusks; conch, discus, mace, lotus	rescued earth on his tusks; conch, discus, mace, lotus
7402	Apep	domain	the cosmic serpent of chaos; eternal adversary of Ra; the embodiment of isfet opposing Ma'at; attacked the solar barque every night and was repulsed; never destroyed, eternally renewing	cosmic serpent of chaos; eternal adversary of Ra; embodiment of isfet opposing Ma'at; attacked the solar barque every night and was repulsed; never destroyed, eternally renewing
7402	Apep	object	his immense serpent-body; the knives, fire-spears, and ropes used against him by Ra's defenders	his immense serpent-body; knives, fire-spears, and ropes used against him by Ra's defenders
7404	Naunet	domain	primordial waters; consort of Nun in the Hermopolitan Ogdoad; the watery chaos before creation	primordial waters; consort of Nun in the Hermopolitan Ogdoad; watery chaos before creation
7404	Naunet	object	the primordial waters	primordial waters
7412	Kotoshironushi	domain	the 'thing-knowing master'; son of Okuninushi who agreed to the kuni-yuzuri; oracular kami; fishing; one of the central earthly-kami of the Izumo cycle	'thing-knowing master'; son of Okuninushi who agreed to the kuni-yuzuri; oracular kami; fishing; one of the central earthly-kami of the Izumo cycle
7409	Toyotama-hime	domain	the sea, the sea palace, childbirth, dragons, transformation	sea, sea palace, childbirth, dragons, transformation
7408	Moriya-no-Kami	domain	Suwa, the conquered deity, the indigenous god, Moriya	Suwa, conquered deity, indigenous god, Moriya
7421	Hades	domain	the underworld realm and its god; lord of the dead; the chthonic counterpart of Olympian Zeus; in late tradition also Plouton, lord of mineral wealth beneath the earth; 'the unseen one'	underworld realm and its god; lord of the dead; chthonic counterpart of Olympian Zeus; in late tradition also Plouton, lord of mineral wealth beneath the earth; 'the unseen one'
7421	Hades	object	the helmet of invisibility; bident or sceptre; key; the rivers of the underworld	helmet of invisibility; bident or sceptre; key; rivers of the underworld
7420	Poseidon	object	trident; the chariot drawn by horses or hippocamps over the waves; the salt-spring he produced on the Acropolis	trident; chariot drawn by horses or hippocamps over the waves; salt-spring he produced on the Acropolis
7423	Hestia	domain	hearth, home, the sacred fire of the household and the polis; one of the three virgin goddesses; first child of Cronus and Rhea	hearth, home, sacred fire of the household and the polis; one of the three virgin goddesses; first child of Cronus and Rhea
7423	Hestia	object	the hearth-fire itself; ladle; staff	hearth-fire itself; ladle; staff
7430	Oceanus	domain	the world-encircling river; the great freshwater stream surrounding the disk of the earth; eldest of the Titans; father of all rivers and Oceanids	world-encircling river; great freshwater stream surrounding the disk of the earth; eldest of the Titans; father of all rivers and Oceanids
7430	Oceanus	object	the river-stream itself encircling the earth-disk	river-stream itself encircling the earth-disk
7437	Moirai	domain	the three Fates - Clotho, Lachesis, Atropos; deities of human destiny who spin, measure, and cut the thread of each life	three Fates - Clotho, Lachesis, Atropos; deities of human destiny who spin, measure, and cut the thread of each life
7440	Hydra	object	the swamp of Lerna; her own multiple heads; her venom	swamp of Lerna; her own multiple heads; her venom
7444	Jupiter	domain	supreme god of the Roman state; sky, thunder, the oaths of state; chief of the Capitoline Triad; 'Iuppiter Optimus Maximus'; descendant of PIE *Dyews ph₂ter	supreme god of the Roman state; sky, thunder, oaths of state; chief of the Capitoline Triad; 'Iuppiter Optimus Maximus'; descendant of PIE *Dyews ph₂ter
7444	Jupiter	object	thunderbolt; eagle; sceptre; the spolia opima	thunderbolt; eagle; sceptre; spolia opima
7445	Mars	object	spear; shield; the wolf, the woodpecker, the bull	spear; shield; wolf, woodpecker, bull
7452	Liber	domain	wine, vines, fertility; the plebeian counterpart of patrician Bacchus; one of the Aventine Triad; his festival the Liberalia	wine, vines, fertility; plebeian counterpart of patrician Bacchus; one of the Aventine Triad; his festival the Liberalia
7449	Pluto	domain	the underworld; lord of the dead; identified with Hades	underworld; lord of the dead; identified with Hades
7454	Sol	domain	the sun; identified with Helios; reintroduced as Sol Invictus by Aurelian in 274 CE as a state-cult; partly displaced by Sol's solar-monotheistic late-Empire role	sun; identified with Helios; reintroduced as Sol Invictus by Aurelian in 274 CE as a state-cult; partly displaced by Sol's solar-monotheistic late-Empire role
7454	Sol	object	chariot of four horses; the solar disk; the radiate crown	chariot of four horses; solar disk; radiate crown
7459	Hercules	domain	great hero of strength; identified with Greek Heracles; the cult of Hercules Invictus at the Ara Maxima Herculis Invicti in the Forum Boarium	great hero of strength; identified with Greek Heracles; cult of Hercules Invictus at the Ara Maxima Herculis Invicti in the Forum Boarium
7462	Remus	object	his spear; the unfinished or trampled wall	his spear; unfinished or trampled wall
7463	Lares	domain	household deities - guardian spirits of the family and the home; also of crossroads, the city, the state	household deities - guardian spirits of the family and the home; also of crossroads, city, state
7463	Lares	object	the lararium; cornucopia and drinking-horn; their statuettes	lararium; cornucopia and drinking-horn; their statuettes
7467	Omecihuatl	object	the thirteenth heaven Omeyocan	thirteenth heaven Omeyocan
7466	Ometecuhtli	object	the thirteenth heaven Omeyocan	thirteenth heaven Omeyocan
7465	Ometeotl	domain	'Two God' / 'God of Duality' - the supreme creator-deity as the unified aspect of the male-female duality Ometecuhtli + Omecihuatl; dwells in the thirteenth heaven Omeyocan; the primordial principle from which all other gods emanate	'Two God' / 'God of Duality' - the supreme creator-deity as the unified aspect of the male-female duality Ometecuhtli + Omecihuatl; dwells in the thirteenth heaven Omeyocan; primordial principle from which all other gods emanate
7465	Ometeotl	object	the thirteenth heaven Omeyocan; the cosmic axis	thirteenth heaven Omeyocan; cosmic axis
7469	Tlaloc	object	lightning-axe; jade-water-jars; the four cosmic water-jars; his characteristic goggle-eye mask	lightning-axe; jade-water-jars; four cosmic water-jars; his characteristic goggle-eye mask
7474	Tonatiuh	domain	'He Goes Forth Shining' - the sun, specifically the fifth sun of the present age; the principal solar-deity; the warrior-paradise; the sun who demands blood-sacrifice to continue his daily journey	'He Goes Forth Shining' - the sun, specifically the fifth sun of the present age; principal solar-deity; warrior-paradise; sun who demands blood-sacrifice to continue his daily journey
7474	Tonatiuh	object	the sun-disk itself; eagle-feathers; the chalchihuitl heart	sun-disk itself; eagle-feathers; chalchihuitl heart
7472	Mictlantecuhtli	object	obsidian knife; the bowl in which souls are received; sometimes a flag	obsidian knife; bowl in which souls are received; sometimes a flag
7482	Nuwa	object	the five-colored stones with which she patched the sky; the legs of the great turtle Ao; the cord/rope she dragged through mud to create the common people	five-colored stones with which she patched the sky; legs of the great turtle Ao; cord/rope she dragged through mud to create the common people
7488	Yu the Great	domain	the legendary controller of the Great Flood; founder of the Xia dynasty; the last of the sage-kings; model of the selfless tireless ruler	legendary controller of the Great Flood; founder of the Xia dynasty; last of the sage-kings; model of the selfless tireless ruler
7488	Yu the Great	object	the digging-tools with which he channeled the floodwaters; the magical measuring-cords and the self-extending earth; the nine cauldrons cast from the metal of the nine provinces	digging-tools with which he channeled the floodwaters; magical measuring-cords and the self-extending earth; nine cauldrons cast from the metal of the nine provinces
7495	Zhongli Quan	domain	one of the Eight Immortals, often regarded as the eldest and most senior; the immortal who initiated Lu Dongbin; master of the elixir of life and the fan that revives the dead	one of the Eight Immortals, often regarded as the eldest and most senior; immortal who initiated Lu Dongbin; master of the elixir of life and the fan that revives the dead
7495	Zhongli Quan	object	the great fan; sometimes a peach	great fan; sometimes a peach
7492	Zao Jun	domain	the Kitchen God / Stove God; the household deity who watches over the family from his place above the hearth and reports their conduct to the Jade Emperor at the New Year; the most domestically-intimate of Chinese deities	the Kitchen God / Stove God; household deity who watches over the family from his place above the hearth and reports their conduct to the Jade Emperor at the New Year; most domestically-intimate of Chinese deities
7492	Zao Jun	object	the paper-image of him pasted above the stove; the sticky malt-sugar smeared on his lips before his departure; the paper-horse burned to send him to heaven	paper-image of him pasted above the stove; sticky malt-sugar smeared on his lips before his departure; paper-horse burned to send him to heaven
7496	He Xiangu	domain	the only female of the Eight Immortals; a Tang-dynasty woman who attained immortality through dietary cultivation; patroness of unmarried women and household management	only female of the Eight Immortals; a Tang-dynasty woman who attained immortality through dietary cultivation; patroness of unmarried women and household management
7496	He Xiangu	object	the lotus-flower; sometimes a fly-whisk, a bamboo ladle, or a sheng	lotus-flower; sometimes a fly-whisk, a bamboo ladle, or a sheng
7500	Dizang	domain	the bodhisattva of the underworld and of vows; the Chinese form of Kshitigarbha; he who vowed not to attain Buddhahood until all the hells are emptied; the great savior of beings in the underworld	bodhisattva of the underworld and of vows; the Chinese form of Kshitigarbha; he who vowed not to attain Buddhahood until all the hells are emptied; great savior of beings in the underworld
7500	Dizang	object	the six-ringed monk's staff; the wish-fulfilling jewel that lights the darkness	six-ringed monk's staff; wish-fulfilling jewel that lights the darkness
7497	Han Xiangzi	domain	one of the Eight Immortals; patron of musicians; the immortal of the flute; traditionally a nephew of the great Tang poet-statesman Han Yu	one of the Eight Immortals; patron of musicians; immortal of the flute; traditionally a nephew of the great Tang poet-statesman Han Yu
7497	Han Xiangzi	object	the dizi - his emblem; with it he makes plants grow and creatures appear	dizi - his emblem; with it he makes plants grow and creatures appear
7501	Meng Po	domain	Lady Meng / the Old Lady of Forgetfulness; the underworld deity who administers the broth of oblivion to souls before reincarnation, so that they forget their past lives	Lady Meng / the Old Lady of Forgetfulness; underworld deity who administers the broth of oblivion to souls before reincarnation, so that they forget their past lives
7501	Meng Po	object	the Five-Flavored Tea of Forgetfulness; the cauldron in which she brews it	the Five-Flavored Tea of Forgetfulness; cauldron in which she brews it
7502	Doumu	object	the multiple arms, each bearing an implement - sun, moon, bell, spear, bow; the chariot of the Dipper	multiple arms, each bearing an implement - sun, moon, bell, spear, bow; chariot of the Dipper